code/mos_all_test_ws/.gitignore	/home/shuochen/learning/mos_all_test_ws/.gitignore
code/mos_all_test_ws/FILE_INDEX.txt	/home/shuochen/learning/mos_all_test_ws/FILE_INDEX.txt
code/mos_all_test_ws/SOURCE_FILES.sha256	/home/shuochen/learning/mos_all_test_ws/SOURCE_FILES.sha256
code/mos_all_test_ws/nav2_params_adapted.yaml	/home/shuochen/learning/mos_all_test_ws/nav2_params_adapted.yaml
code/mos_all_test_ws/nav2_waypoints.yaml	/home/shuochen/learning/mos_all_test_ws/nav2_waypoints.yaml
code/mos_all_test_ws/setup_nav2.sh	/home/shuochen/learning/mos_all_test_ws/setup_nav2.sh
code/mos_all_test_ws/setup_nav2_fastlio.sh	/home/shuochen/learning/mos_all_test_ws/setup_nav2_fastlio.sh
code/mos_all_test_ws/src/lumos_nav/CMakeLists.txt	/home/shuochen/learning/mos_all_test_ws/src/lumos_nav/CMakeLists.txt
code/mos_all_test_ws/src/lumos_nav/README.md	/home/shuochen/learning/mos_all_test_ws/src/lumos_nav/README.md
code/mos_all_test_ws/src/lumos_nav/config/fast_lio/localization_mid360.yaml	/home/shuochen/learning/mos_all_test_ws/src/lumos_nav/config/fast_lio/localization_mid360.yaml
code/mos_all_test_ws/src/lumos_nav/config/fast_lio/mid360.yaml	/home/shuochen/learning/mos_all_test_ws/src/lumos_nav/config/fast_lio/mid360.yaml
code/mos_all_test_ws/src/lumos_nav/config/nav2_config.rviz	/home/shuochen/learning/mos_all_test_ws/src/lumos_nav/config/nav2_config.rviz
code/mos_all_test_ws/src/lumos_nav/config/nav_arm_grasp_demo_params.yaml	/home/shuochen/learning/mos_all_test_ws/src/lumos_nav/config/nav_arm_grasp_demo_params.yaml
code/mos_all_test_ws/src/lumos_nav/launch/goal_arrival_monitor.launch.py	/home/shuochen/learning/mos_all_test_ws/src/lumos_nav/launch/goal_arrival_monitor.launch.py
code/mos_all_test_ws/src/lumos_nav/launch/nav2_fastlio_bringup.launch.py	/home/shuochen/learning/mos_all_test_ws/src/lumos_nav/launch/nav2_fastlio_bringup.launch.py
code/mos_all_test_ws/src/lumos_nav/launch/nav_arm_grasp_demo.launch.py	/home/shuochen/learning/mos_all_test_ws/src/lumos_nav/launch/nav_arm_grasp_demo.launch.py
code/mos_all_test_ws/src/lumos_nav/launch/navigation.launch.py	/home/shuochen/learning/mos_all_test_ws/src/lumos_nav/launch/navigation.launch.py
code/mos_all_test_ws/src/lumos_nav/launch/purepursuit.launch.py	/home/shuochen/learning/mos_all_test_ws/src/lumos_nav/launch/purepursuit.launch.py
code/mos_all_test_ws/src/lumos_nav/launch/relocalization_and_navigation.launch.py	/home/shuochen/learning/mos_all_test_ws/src/lumos_nav/launch/relocalization_and_navigation.launch.py
code/mos_all_test_ws/src/lumos_nav/launch/slam_localization.launch.py	/home/shuochen/learning/mos_all_test_ws/src/lumos_nav/launch/slam_localization.launch.py
code/mos_all_test_ws/src/lumos_nav/launch/slam_mapping.launch.py	/home/shuochen/learning/mos_all_test_ws/src/lumos_nav/launch/slam_mapping.launch.py
code/mos_all_test_ws/src/lumos_nav/package.xml	/home/shuochen/learning/mos_all_test_ws/src/lumos_nav/package.xml
code/mos_all_test_ws/src/lumos_nav/params/ekf.yaml	/home/shuochen/learning/mos_all_test_ws/src/lumos_nav/params/ekf.yaml
code/mos_all_test_ws/src/lumos_nav/params/goal_arrival_monitor_params.yaml	/home/shuochen/learning/mos_all_test_ws/src/lumos_nav/params/goal_arrival_monitor_params.yaml
code/mos_all_test_ws/src/lumos_nav/params/nav2_params.yaml	/home/shuochen/learning/mos_all_test_ws/src/lumos_nav/params/nav2_params.yaml
code/mos_all_test_ws/src/lumos_nav/params/nav2_params_fastlio.yaml	/home/shuochen/learning/mos_all_test_ws/src/lumos_nav/params/nav2_params_fastlio.yaml
code/mos_all_test_ws/src/lumos_nav/params/purepursuit_follower_params.yaml	/home/shuochen/learning/mos_all_test_ws/src/lumos_nav/params/purepursuit_follower_params.yaml
code/mos_all_test_ws/src/lumos_nav/rviz/view.rviz	/home/shuochen/learning/mos_all_test_ws/src/lumos_nav/rviz/view.rviz
code/mos_all_test_ws/src/lumos_nav/scripts/cloud_stamp_bridge.py	/home/shuochen/learning/mos_all_test_ws/src/lumos_nav/scripts/cloud_stamp_bridge.py
code/mos_all_test_ws/src/lumos_nav/scripts/cmd_vel_to_base.py	/home/shuochen/learning/mos_all_test_ws/src/lumos_nav/scripts/cmd_vel_to_base.py
code/mos_all_test_ws/src/lumos_nav/scripts/cruise_waypoints.py	/home/shuochen/learning/mos_all_test_ws/src/lumos_nav/scripts/cruise_waypoints.py
code/mos_all_test_ws/src/lumos_nav/scripts/goal_arrival_monitor.py	/home/shuochen/learning/mos_all_test_ws/src/lumos_nav/scripts/goal_arrival_monitor.py
code/mos_all_test_ws/src/lumos_nav/scripts/localization_tf_bridge.py	/home/shuochen/learning/mos_all_test_ws/src/lumos_nav/scripts/localization_tf_bridge.py
code/mos_all_test_ws/src/lumos_nav/scripts/mark_point.py	/home/shuochen/learning/mos_all_test_ws/src/lumos_nav/scripts/mark_point.py
code/mos_all_test_ws/src/lumos_nav/scripts/nav2_get_pose.py	/home/shuochen/learning/mos_all_test_ws/src/lumos_nav/scripts/nav2_get_pose.py
code/mos_all_test_ws/src/lumos_nav/scripts/nav2_send_goals.py	/home/shuochen/learning/mos_all_test_ws/src/lumos_nav/scripts/nav2_send_goals.py
code/mos_all_test_ws/src/lumos_nav/scripts/nav_arm_grasp_demo.py	/home/shuochen/learning/mos_all_test_ws/src/lumos_nav/scripts/nav_arm_grasp_demo.py
code/mos_all_test_ws/src/lumos_nav/scripts/scan_frame_bridge.py	/home/shuochen/learning/mos_all_test_ws/src/lumos_nav/scripts/scan_frame_bridge.py
code/mos_all_test_ws/src/lumos_nav/scripts/source_all.bash	/home/shuochen/learning/mos_all_test_ws/src/lumos_nav/scripts/source_all.bash
code/mos_all_test_ws/src/lumos_nav/scripts/wait_for_map_to_odom.py	/home/shuochen/learning/mos_all_test_ws/src/lumos_nav/scripts/wait_for_map_to_odom.py
code/mos_all_test_ws/src/lumos_nav/test/test_nav2_fastlio_params.py	/home/shuochen/learning/mos_all_test_ws/src/lumos_nav/test/test_nav2_fastlio_params.py
code/mos_all_test_ws/src/lumos_nav/test/test_nav2_launch_contract.py	/home/shuochen/learning/mos_all_test_ws/src/lumos_nav/test/test_nav2_launch_contract.py
code/mos_all_test_ws/src/lumos_nav/test/test_nav_arm_grasp_demo.py	/home/shuochen/learning/mos_all_test_ws/src/lumos_nav/test/test_nav_arm_grasp_demo.py
code/mos_all_test_ws/src/mos_3d_object/CMakeLists.txt	/home/shuochen/learning/mos_all_test_ws/src/mos_3d_object/CMakeLists.txt
code/mos_all_test_ws/src/mos_3d_object/README.md	/home/shuochen/learning/mos_all_test_ws/src/mos_3d_object/README.md
code/mos_all_test_ws/src/mos_3d_object/config/static_extrinsic.yaml	/home/shuochen/learning/mos_all_test_ws/src/mos_3d_object/config/static_extrinsic.yaml
code/mos_all_test_ws/src/mos_3d_object/config/yolo_params.yaml	/home/shuochen/learning/mos_all_test_ws/src/mos_3d_object/config/yolo_params.yaml
code/mos_all_test_ws/src/mos_3d_object/launch/vision.launch.py	/home/shuochen/learning/mos_all_test_ws/src/mos_3d_object/launch/vision.launch.py
code/mos_all_test_ws/src/mos_3d_object/launch/vision_impl.launch.py	/home/shuochen/learning/mos_all_test_ws/src/mos_3d_object/launch/vision_impl.launch.py
code/mos_all_test_ws/src/mos_3d_object/mos_3d_object/__init__.py	/home/shuochen/learning/mos_all_test_ws/src/mos_3d_object/mos_3d_object/__init__.py
code/mos_all_test_ws/src/mos_3d_object/mos_3d_object/coordinate_transformer.py	/home/shuochen/learning/mos_all_test_ws/src/mos_3d_object/mos_3d_object/coordinate_transformer.py
code/mos_all_test_ws/src/mos_3d_object/mos_3d_object/detection_model.py	/home/shuochen/learning/mos_all_test_ws/src/mos_3d_object/mos_3d_object/detection_model.py
code/mos_all_test_ws/src/mos_3d_object/mos_3d_object/image_messages.py	/home/shuochen/learning/mos_all_test_ws/src/mos_3d_object/mos_3d_object/image_messages.py
code/mos_all_test_ws/src/mos_3d_object/mos_3d_object/rgbd_localizer.py	/home/shuochen/learning/mos_all_test_ws/src/mos_3d_object/mos_3d_object/rgbd_localizer.py
code/mos_all_test_ws/src/mos_3d_object/mos_3d_object/transforms.py	/home/shuochen/learning/mos_all_test_ws/src/mos_3d_object/mos_3d_object/transforms.py
code/mos_all_test_ws/src/mos_3d_object/mos_3d_object/vision_node.py	/home/shuochen/learning/mos_all_test_ws/src/mos_3d_object/mos_3d_object/vision_node.py
code/mos_all_test_ws/src/mos_3d_object/msg/DetectedObject3D.msg	/home/shuochen/learning/mos_all_test_ws/src/mos_3d_object/msg/DetectedObject3D.msg
code/mos_all_test_ws/src/mos_3d_object/msg/DetectedObject3DArray.msg	/home/shuochen/learning/mos_all_test_ws/src/mos_3d_object/msg/DetectedObject3DArray.msg
code/mos_all_test_ws/src/mos_3d_object/package.xml	/home/shuochen/learning/mos_all_test_ws/src/mos_3d_object/package.xml
code/mos_all_test_ws/src/mos_3d_object/resource/mos_3d_object	/home/shuochen/learning/mos_all_test_ws/src/mos_3d_object/resource/mos_3d_object
code/mos_all_test_ws/src/mos_3d_object/scripts/mos_3d_object_node	/home/shuochen/learning/mos_all_test_ws/src/mos_3d_object/scripts/mos_3d_object_node
code/mos_all_test_ws/src/mos_3d_object/setup.cfg	/home/shuochen/learning/mos_all_test_ws/src/mos_3d_object/setup.cfg
code/mos_all_test_ws/src/mos_3d_object/setup.py	/home/shuochen/learning/mos_all_test_ws/src/mos_3d_object/setup.py
code/mos_all_test_ws/src/mos_3d_object/strict_requirements.txt	/home/shuochen/learning/mos_all_test_ws/src/mos_3d_object/strict_requirements.txt
code/mos_all_test_ws/src/mos_3d_object/test/test_image_messages.py	/home/shuochen/learning/mos_all_test_ws/src/mos_3d_object/test/test_image_messages.py
code/mos_all_test_ws/src/mos_3d_object/test/test_rgb_publish_contract.py	/home/shuochen/learning/mos_all_test_ws/src/mos_3d_object/test/test_rgb_publish_contract.py
code/mos_all_test_ws/src/mos_3d_object/weights/best.pt	/home/shuochen/learning/mos_all_test_ws/src/mos_3d_object/weights/best.pt
code/mos_all_test_ws/src/mos_3d_object/weights/best0.pt	/home/shuochen/learning/mos_all_test_ws/src/mos_3d_object/weights/best0.pt
code/mos_all_test_ws/src/mos_3d_object/weights/best3.pt	/home/shuochen/learning/mos_all_test_ws/src/mos_3d_object/weights/best3.pt
code/mos_all_test_ws/src/mos_3d_object/weights/best_1.pt	/home/shuochen/learning/mos_all_test_ws/src/mos_3d_object/weights/best_1.pt
code/mos_all_test_ws/src/mos_3d_object/weights/r1g2_a06_0.pt	/home/shuochen/learning/mos_all_test_ws/src/mos_3d_object/weights/r1g2_a06_0.pt
code/mos_all_test_ws/src/mos_3d_object/weights/r1g2_a06_0_last.pt	/home/shuochen/learning/mos_all_test_ws/src/mos_3d_object/weights/r1g2_a06_0_last.pt
code/mos_all_test_ws/src/mos_3d_object/weights/r1g2_a06_new_best.pt	/home/shuochen/learning/mos_all_test_ws/src/mos_3d_object/weights/r1g2_a06_new_best.pt
code/mos_all_test_ws/src/mos_3d_object/weights/r1g2_a06_new_last.pt	/home/shuochen/learning/mos_all_test_ws/src/mos_3d_object/weights/r1g2_a06_new_last.pt
code/mos_all_test_ws/src/mos_arm_controller/CMakeLists.txt	/home/shuochen/learning/mos_all_test_ws/src/mos_arm_controller/CMakeLists.txt
code/mos_all_test_ws/src/mos_arm_controller/launch/arm_controller.launch.py	/home/shuochen/learning/mos_all_test_ws/src/mos_arm_controller/launch/arm_controller.launch.py
code/mos_all_test_ws/src/mos_arm_controller/launch/hardware_controller.launch.py	/home/shuochen/learning/mos_all_test_ws/src/mos_arm_controller/launch/hardware_controller.launch.py
code/mos_all_test_ws/src/mos_arm_controller/mos_arm_controller/__init__.py	/home/shuochen/learning/mos_all_test_ws/src/mos_arm_controller/mos_arm_controller/__init__.py
code/mos_all_test_ws/src/mos_arm_controller/mos_arm_controller/cmd_vel_gate.py	/home/shuochen/learning/mos_all_test_ws/src/mos_arm_controller/mos_arm_controller/cmd_vel_gate.py
code/mos_all_test_ws/src/mos_arm_controller/mos_arm_controller/hardware_controller.py	/home/shuochen/learning/mos_all_test_ws/src/mos_arm_controller/mos_arm_controller/hardware_controller.py
code/mos_all_test_ws/src/mos_arm_controller/mos_arm_controller/home_demo.py	/home/shuochen/learning/mos_all_test_ws/src/mos_arm_controller/mos_arm_controller/home_demo.py
code/mos_all_test_ws/src/mos_arm_controller/mos_arm_controller/ww_test_arm.py	/home/shuochen/learning/mos_all_test_ws/src/mos_arm_controller/mos_arm_controller/ww_test_arm.py
code/mos_all_test_ws/src/mos_arm_controller/package.xml	/home/shuochen/learning/mos_all_test_ws/src/mos_arm_controller/package.xml
code/mos_all_test_ws/src/mos_arm_controller/scripts/mos_arm_controller_node	/home/shuochen/learning/mos_all_test_ws/src/mos_arm_controller/scripts/mos_arm_controller_node
code/mos_all_test_ws/src/mos_arm_controller/scripts/mos_arm_home_demo	/home/shuochen/learning/mos_all_test_ws/src/mos_arm_controller/scripts/mos_arm_home_demo
code/mos_all_test_ws/src/mos_arm_controller/scripts/mos_hardware_controller_node	/home/shuochen/learning/mos_all_test_ws/src/mos_arm_controller/scripts/mos_hardware_controller_node
code/mos_all_test_ws/src/mos_arm_controller/srv/RunTask.srv	/home/shuochen/learning/mos_all_test_ws/src/mos_arm_controller/srv/RunTask.srv
code/mos_all_test_ws/src/mos_arm_controller/test/test_cmd_vel_gate.py	/home/shuochen/learning/mos_all_test_ws/src/mos_arm_controller/test/test_cmd_vel_gate.py
code/mos_all_test_ws/src/mos_arm_controller/test/test_home_demo.py	/home/shuochen/learning/mos_all_test_ws/src/mos_arm_controller/test/test_home_demo.py
code/mos_all_test_ws/src/mos_cart_fullness/README.md	/home/shuochen/learning/mos_all_test_ws/src/mos_cart_fullness/README.md
code/mos_all_test_ws/src/mos_cart_fullness/config/cart_fullness.yaml	/home/shuochen/learning/mos_all_test_ws/src/mos_cart_fullness/config/cart_fullness.yaml
code/mos_all_test_ws/src/mos_cart_fullness/launch/cart_fullness.launch.py	/home/shuochen/learning/mos_all_test_ws/src/mos_cart_fullness/launch/cart_fullness.launch.py
code/mos_all_test_ws/src/mos_cart_fullness/mos_cart_fullness/__init__.py	/home/shuochen/learning/mos_all_test_ws/src/mos_cart_fullness/mos_cart_fullness/__init__.py
code/mos_all_test_ws/src/mos_cart_fullness/mos_cart_fullness/cart_fullness.py	/home/shuochen/learning/mos_all_test_ws/src/mos_cart_fullness/mos_cart_fullness/cart_fullness.py
code/mos_all_test_ws/src/mos_cart_fullness/mos_cart_fullness/cart_fullness_node.py	/home/shuochen/learning/mos_all_test_ws/src/mos_cart_fullness/mos_cart_fullness/cart_fullness_node.py
code/mos_all_test_ws/src/mos_cart_fullness/mos_cart_fullness/check_context.py	/home/shuochen/learning/mos_all_test_ws/src/mos_cart_fullness/mos_cart_fullness/check_context.py
code/mos_all_test_ws/src/mos_cart_fullness/mos_cart_fullness/multiview_state.py	/home/shuochen/learning/mos_all_test_ws/src/mos_cart_fullness/mos_cart_fullness/multiview_state.py
code/mos_all_test_ws/src/mos_cart_fullness/mos_cart_fullness/stability.py	/home/shuochen/learning/mos_all_test_ws/src/mos_cart_fullness/mos_cart_fullness/stability.py
code/mos_all_test_ws/src/mos_cart_fullness/mos_cart_fullness/wrist_yolo_detector.py	/home/shuochen/learning/mos_all_test_ws/src/mos_cart_fullness/mos_cart_fullness/wrist_yolo_detector.py
code/mos_all_test_ws/src/mos_cart_fullness/package.xml	/home/shuochen/learning/mos_all_test_ws/src/mos_cart_fullness/package.xml
code/mos_all_test_ws/src/mos_cart_fullness/resource/mos_cart_fullness	/home/shuochen/learning/mos_all_test_ws/src/mos_cart_fullness/resource/mos_cart_fullness
code/mos_all_test_ws/src/mos_cart_fullness/setup.cfg	/home/shuochen/learning/mos_all_test_ws/src/mos_cart_fullness/setup.cfg
code/mos_all_test_ws/src/mos_cart_fullness/setup.py	/home/shuochen/learning/mos_all_test_ws/src/mos_cart_fullness/setup.py
code/mos_all_test_ws/src/mos_cart_fullness/test/test_cart_fullness_logic.py	/home/shuochen/learning/mos_all_test_ws/src/mos_cart_fullness/test/test_cart_fullness_logic.py
code/mos_all_test_ws/src/mos_cart_fullness/test/test_check_context.py	/home/shuochen/learning/mos_all_test_ws/src/mos_cart_fullness/test/test_check_context.py
code/mos_all_test_ws/src/mos_cart_fullness/test/test_multiview_node_contract.py	/home/shuochen/learning/mos_all_test_ws/src/mos_cart_fullness/test/test_multiview_node_contract.py
code/mos_all_test_ws/src/mos_cart_fullness/test/test_multiview_pipeline.py	/home/shuochen/learning/mos_all_test_ws/src/mos_cart_fullness/test/test_multiview_pipeline.py
code/mos_all_test_ws/src/mos_cart_fullness/test/test_multiview_state.py	/home/shuochen/learning/mos_all_test_ws/src/mos_cart_fullness/test/test_multiview_state.py
code/mos_all_test_ws/src/mos_cart_fullness/test/test_package_structure.py	/home/shuochen/learning/mos_all_test_ws/src/mos_cart_fullness/test/test_package_structure.py
code/mos_all_test_ws/src/mos_cart_fullness/test/test_wrist_rgb_subscription.py	/home/shuochen/learning/mos_all_test_ws/src/mos_cart_fullness/test/test_wrist_rgb_subscription.py
code/mos_all_test_ws/src/mos_cart_fullness/weights/best.pt	/home/shuochen/learning/mos_all_test_ws/src/mos_cart_fullness/weights/best.pt
code/mos_all_test_ws/src/mos_cart_fullness/weights/best0.pt	/home/shuochen/learning/mos_all_test_ws/src/mos_cart_fullness/weights/best0.pt
code/mos_all_test_ws/src/mos_cart_fullness/weights/best3.pt	/home/shuochen/learning/mos_all_test_ws/src/mos_cart_fullness/weights/best3.pt
code/mos_all_test_ws/src/mos_cart_fullness/weights/best_1.pt	/home/shuochen/learning/mos_all_test_ws/src/mos_cart_fullness/weights/best_1.pt
code/mos_all_test_ws/src/mos_cart_fullness/weights/r1g2_a06_0.pt	/home/shuochen/learning/mos_all_test_ws/src/mos_cart_fullness/weights/r1g2_a06_0.pt
code/mos_all_test_ws/src/mos_chassis_controller/CMakeLists.txt	/home/shuochen/learning/mos_all_test_ws/src/mos_chassis_controller/CMakeLists.txt
code/mos_all_test_ws/src/mos_chassis_controller/launch/chassis_controller.launch.py	/home/shuochen/learning/mos_all_test_ws/src/mos_chassis_controller/launch/chassis_controller.launch.py
code/mos_all_test_ws/src/mos_chassis_controller/mos_chassis_controller/__init__.py	/home/shuochen/learning/mos_all_test_ws/src/mos_chassis_controller/mos_chassis_controller/__init__.py
code/mos_all_test_ws/src/mos_chassis_controller/mos_chassis_controller/ww_test_chassis.py	/home/shuochen/learning/mos_all_test_ws/src/mos_chassis_controller/mos_chassis_controller/ww_test_chassis.py
code/mos_all_test_ws/src/mos_chassis_controller/package.xml	/home/shuochen/learning/mos_all_test_ws/src/mos_chassis_controller/package.xml
code/mos_all_test_ws/src/mos_chassis_controller/resource/mos_chassis_controller	/home/shuochen/learning/mos_all_test_ws/src/mos_chassis_controller/resource/mos_chassis_controller
code/mos_all_test_ws/src/mos_chassis_controller/scripts/mos_chassis_controller_node	/home/shuochen/learning/mos_all_test_ws/src/mos_chassis_controller/scripts/mos_chassis_controller_node
code/mos_all_test_ws/src/mos_chassis_controller/srv/MoveChassis.srv	/home/shuochen/learning/mos_all_test_ws/src/mos_chassis_controller/srv/MoveChassis.srv
code/mos_all_test_ws/src/mos_coordinator/.gitignore	/home/shuochen/learning/mos_all_test_ws/src/mos_coordinator/.gitignore
code/mos_all_test_ws/src/mos_coordinator/CMakeLists.txt	/home/shuochen/learning/mos_all_test_ws/src/mos_coordinator/CMakeLists.txt
code/mos_all_test_ws/src/mos_coordinator/README.md	/home/shuochen/learning/mos_all_test_ws/src/mos_coordinator/README.md
code/mos_all_test_ws/src/mos_coordinator/REAL_MACHINE_GUIDE.md	/home/shuochen/learning/mos_all_test_ws/src/mos_coordinator/REAL_MACHINE_GUIDE.md
code/mos_all_test_ws/src/mos_coordinator/TESTING_AND_DEPLOYMENT.md	/home/shuochen/learning/mos_all_test_ws/src/mos_coordinator/TESTING_AND_DEPLOYMENT.md
code/mos_all_test_ws/src/mos_coordinator/config/ZONE_CONFIG.md	/home/shuochen/learning/mos_all_test_ws/src/mos_coordinator/config/ZONE_CONFIG.md
code/mos_all_test_ws/src/mos_coordinator/config/coordinator_params.7.25.1.yaml	/home/shuochen/learning/mos_all_test_ws/src/mos_coordinator/config/coordinator_params.7.25.1.yaml
code/mos_all_test_ws/src/mos_coordinator/config/coordinator_params.7.25.2.yaml	/home/shuochen/learning/mos_all_test_ws/src/mos_coordinator/config/coordinator_params.7.25.2.yaml
code/mos_all_test_ws/src/mos_coordinator/config/coordinator_params.ksxq.yaml	/home/shuochen/learning/mos_all_test_ws/src/mos_coordinator/config/coordinator_params.ksxq.yaml
code/mos_all_test_ws/src/mos_coordinator/config/coordinator_params.yaml	/home/shuochen/learning/mos_all_test_ws/src/mos_coordinator/config/coordinator_params.yaml
code/mos_all_test_ws/src/mos_coordinator/config/coordinator_params_7_24.yaml	/home/shuochen/learning/mos_all_test_ws/src/mos_coordinator/config/coordinator_params_7_24.yaml
code/mos_all_test_ws/src/mos_coordinator/config/coordinator_params_jiefu_demo.yaml	/home/shuochen/learning/mos_all_test_ws/src/mos_coordinator/config/coordinator_params_jiefu_demo.yaml
code/mos_all_test_ws/src/mos_coordinator/config/coordinator_params_mos2_2607211500.yaml	/home/shuochen/learning/mos_all_test_ws/src/mos_coordinator/config/coordinator_params_mos2_2607211500.yaml
code/mos_all_test_ws/src/mos_coordinator/config/load_nav.py	/home/shuochen/learning/mos_all_test_ws/src/mos_coordinator/config/load_nav.py
code/mos_all_test_ws/src/mos_coordinator/launch/coordinator.launch.py	/home/shuochen/learning/mos_all_test_ws/src/mos_coordinator/launch/coordinator.launch.py
code/mos_all_test_ws/src/mos_coordinator/launch/coordinator.launch.vision.py	/home/shuochen/learning/mos_all_test_ws/src/mos_coordinator/launch/coordinator.launch.vision.py
code/mos_all_test_ws/src/mos_coordinator/launch/coordinator_dummy_test.launch.py	/home/shuochen/learning/mos_all_test_ws/src/mos_coordinator/launch/coordinator_dummy_test.launch.py
code/mos_all_test_ws/src/mos_coordinator/launch/coordinator_mos_test.launch.py	/home/shuochen/learning/mos_all_test_ws/src/mos_coordinator/launch/coordinator_mos_test.launch.py
code/mos_all_test_ws/src/mos_coordinator/launch/integrated_navigation.launch.py	/home/shuochen/learning/mos_all_test_ws/src/mos_coordinator/launch/integrated_navigation.launch.py
code/mos_all_test_ws/src/mos_coordinator/mos_coordinator/__init__.py	/home/shuochen/learning/mos_all_test_ws/src/mos_coordinator/mos_coordinator/__init__.py
code/mos_all_test_ws/src/mos_coordinator/mos_coordinator/adapters/__init__.py	/home/shuochen/learning/mos_all_test_ws/src/mos_coordinator/mos_coordinator/adapters/__init__.py
code/mos_all_test_ws/src/mos_coordinator/mos_coordinator/adapters/arm_adapter.py	/home/shuochen/learning/mos_all_test_ws/src/mos_coordinator/mos_coordinator/adapters/arm_adapter.py
code/mos_all_test_ws/src/mos_coordinator/mos_coordinator/adapters/fetch_adapter.py	/home/shuochen/learning/mos_all_test_ws/src/mos_coordinator/mos_coordinator/adapters/fetch_adapter.py
code/mos_all_test_ws/src/mos_coordinator/mos_coordinator/adapters/fetch_adapter_test.py	/home/shuochen/learning/mos_all_test_ws/src/mos_coordinator/mos_coordinator/adapters/fetch_adapter_test.py
code/mos_all_test_ws/src/mos_coordinator/mos_coordinator/adapters/navigation_adapter.py	/home/shuochen/learning/mos_all_test_ws/src/mos_coordinator/mos_coordinator/adapters/navigation_adapter.py
code/mos_all_test_ws/src/mos_coordinator/mos_coordinator/adapters/vision_adapter.py	/home/shuochen/learning/mos_all_test_ws/src/mos_coordinator/mos_coordinator/adapters/vision_adapter.py
code/mos_all_test_ws/src/mos_coordinator/mos_coordinator/coordinator_node.py	/home/shuochen/learning/mos_all_test_ws/src/mos_coordinator/mos_coordinator/coordinator_node.py
code/mos_all_test_ws/src/mos_coordinator/mos_coordinator/dummy_3d_object_node.py	/home/shuochen/learning/mos_all_test_ws/src/mos_coordinator/mos_coordinator/dummy_3d_object_node.py
code/mos_all_test_ws/src/mos_coordinator/mos_coordinator/dummy_arm_node.py	/home/shuochen/learning/mos_all_test_ws/src/mos_coordinator/mos_coordinator/dummy_arm_node.py
code/mos_all_test_ws/src/mos_coordinator/mos_coordinator/dummy_cart_fullness_node.py	/home/shuochen/learning/mos_all_test_ws/src/mos_coordinator/mos_coordinator/dummy_cart_fullness_node.py
code/mos_all_test_ws/src/mos_coordinator/mos_coordinator/dummy_chassis_node.py	/home/shuochen/learning/mos_all_test_ws/src/mos_coordinator/mos_coordinator/dummy_chassis_node.py
code/mos_all_test_ws/src/mos_coordinator/mos_coordinator/dummy_coordinator_test.py	/home/shuochen/learning/mos_all_test_ws/src/mos_coordinator/mos_coordinator/dummy_coordinator_test.py
code/mos_all_test_ws/src/mos_coordinator/mos_coordinator/dummy_grasp_selector_node.py	/home/shuochen/learning/mos_all_test_ws/src/mos_coordinator/mos_coordinator/dummy_grasp_selector_node.py
code/mos_all_test_ws/src/mos_coordinator/mos_coordinator/dummy_navigator.py	/home/shuochen/learning/mos_all_test_ws/src/mos_coordinator/mos_coordinator/dummy_navigator.py
code/mos_all_test_ws/src/mos_coordinator/mos_coordinator/dummy_navigator_node.py	/home/shuochen/learning/mos_all_test_ws/src/mos_coordinator/mos_coordinator/dummy_navigator_node.py
code/mos_all_test_ws/src/mos_coordinator/mos_coordinator/flow_sm_test.py	/home/shuochen/learning/mos_all_test_ws/src/mos_coordinator/mos_coordinator/flow_sm_test.py
code/mos_all_test_ws/src/mos_coordinator/mos_coordinator/simulator_node.py	/home/shuochen/learning/mos_all_test_ws/src/mos_coordinator/mos_coordinator/simulator_node.py
code/mos_all_test_ws/src/mos_coordinator/mos_coordinator/states.py	/home/shuochen/learning/mos_all_test_ws/src/mos_coordinator/mos_coordinator/states.py
code/mos_all_test_ws/src/mos_coordinator/mos_coordinator/test_fetch_adapter.py	/home/shuochen/learning/mos_all_test_ws/src/mos_coordinator/mos_coordinator/test_fetch_adapter.py
code/mos_all_test_ws/src/mos_coordinator/mos_coordinator/test_navigation_adapter.py	/home/shuochen/learning/mos_all_test_ws/src/mos_coordinator/mos_coordinator/test_navigation_adapter.py
code/mos_all_test_ws/src/mos_coordinator/mos_coordinator/vision_adapter_real_test.py	/home/shuochen/learning/mos_all_test_ws/src/mos_coordinator/mos_coordinator/vision_adapter_real_test.py
code/mos_all_test_ws/src/mos_coordinator/package.xml	/home/shuochen/learning/mos_all_test_ws/src/mos_coordinator/package.xml
code/mos_all_test_ws/src/mos_coordinator/resource/mos_coordinator	/home/shuochen/learning/mos_all_test_ws/src/mos_coordinator/resource/mos_coordinator
code/mos_all_test_ws/src/mos_coordinator/scripts/simple_convert.py	/home/shuochen/learning/mos_all_test_ws/src/mos_coordinator/scripts/simple_convert.py
code/mos_all_test_ws/src/mos_coordinator/scripts/verify_nav_cancel.sh	/home/shuochen/learning/mos_all_test_ws/src/mos_coordinator/scripts/verify_nav_cancel.sh
code/mos_all_test_ws/src/mos_coordinator/setup.cfg	/home/shuochen/learning/mos_all_test_ws/src/mos_coordinator/setup.cfg
code/mos_all_test_ws/src/mos_coordinator/setup.py	/home/shuochen/learning/mos_all_test_ws/src/mos_coordinator/setup.py
code/mos_all_test_ws/src/mos_coordinator/srv/MoveChassis.srv	/home/shuochen/learning/mos_all_test_ws/src/mos_coordinator/srv/MoveChassis.srv
code/mos_all_test_ws/src/mos_coordinator/srv/RunTask.srv	/home/shuochen/learning/mos_all_test_ws/src/mos_coordinator/srv/RunTask.srv
code/mos_all_test_ws/src/mos_coordinator/test/scripts/INDEX.md	/home/shuochen/learning/mos_all_test_ws/src/mos_coordinator/test/scripts/INDEX.md
code/mos_all_test_ws/src/mos_coordinator/test/scripts/README.md	/home/shuochen/learning/mos_all_test_ws/src/mos_coordinator/test/scripts/README.md
code/mos_all_test_ws/src/mos_coordinator/test/scripts/STEP1_SUMMARY.md	/home/shuochen/learning/mos_all_test_ws/src/mos_coordinator/test/scripts/STEP1_SUMMARY.md
code/mos_all_test_ws/src/mos_coordinator/test/scripts/STEP2_SUMMARY.md	/home/shuochen/learning/mos_all_test_ws/src/mos_coordinator/test/scripts/STEP2_SUMMARY.md
code/mos_all_test_ws/src/mos_coordinator/test/scripts/STEP3_SUMMARY.md	/home/shuochen/learning/mos_all_test_ws/src/mos_coordinator/test/scripts/STEP3_SUMMARY.md
code/mos_all_test_ws/src/mos_coordinator/test/scripts/STEP4_SUMMARY.md	/home/shuochen/learning/mos_all_test_ws/src/mos_coordinator/test/scripts/STEP4_SUMMARY.md
code/mos_all_test_ws/src/mos_coordinator/test/scripts/STEP5_SUMMARY.md	/home/shuochen/learning/mos_all_test_ws/src/mos_coordinator/test/scripts/STEP5_SUMMARY.md
code/mos_all_test_ws/src/mos_coordinator/test/scripts/TEST_REPORT.md	/home/shuochen/learning/mos_all_test_ws/src/mos_coordinator/test/scripts/TEST_REPORT.md
code/mos_all_test_ws/src/mos_coordinator/test/scripts/run_all_tests.sh	/home/shuochen/learning/mos_all_test_ws/src/mos_coordinator/test/scripts/run_all_tests.sh
code/mos_all_test_ws/src/mos_coordinator/test/scripts/test_fetch_adapter.sh	/home/shuochen/learning/mos_all_test_ws/src/mos_coordinator/test/scripts/test_fetch_adapter.sh
code/mos_all_test_ws/src/mos_coordinator/test/scripts/test_full_process.sh	/home/shuochen/learning/mos_all_test_ws/src/mos_coordinator/test/scripts/test_full_process.sh
code/mos_all_test_ws/src/mos_coordinator/test/scripts/test_load_navigation_symbols.py	/home/shuochen/learning/mos_all_test_ws/src/mos_coordinator/test/scripts/test_load_navigation_symbols.py
code/mos_all_test_ws/src/mos_coordinator/test/scripts/test_mos_coordinator_feature_multilayer.sh	/home/shuochen/learning/mos_all_test_ws/src/mos_coordinator/test/scripts/test_mos_coordinator_feature_multilayer.sh
code/mos_all_test_ws/src/mos_coordinator/test/scripts/test_mos_coordinator_feature_multilayer_mos2.sh	/home/shuochen/learning/mos_all_test_ws/src/mos_coordinator/test/scripts/test_mos_coordinator_feature_multilayer_mos2.sh
code/mos_all_test_ws/src/mos_coordinator/test/scripts/test_mos_coordinator_feature_multilayer_mos2vis.sh	/home/shuochen/learning/mos_all_test_ws/src/mos_coordinator/test/scripts/test_mos_coordinator_feature_multilayer_mos2vis.sh
code/mos_all_test_ws/src/mos_coordinator/test/scripts/test_search_empty.sh	/home/shuochen/learning/mos_all_test_ws/src/mos_coordinator/test/scripts/test_search_empty.sh
code/mos_all_test_ws/src/mos_coordinator/test/scripts/test_step2_enhanced.sh	/home/shuochen/learning/mos_all_test_ws/src/mos_coordinator/test/scripts/test_step2_enhanced.sh
code/mos_all_test_ws/src/mos_coordinator/test/scripts/test_step2_fullness_detection.sh	/home/shuochen/learning/mos_all_test_ws/src/mos_coordinator/test/scripts/test_step2_fullness_detection.sh
code/mos_all_test_ws/src/mos_coordinator/test/scripts/test_step3_approach_cart.sh	/home/shuochen/learning/mos_all_test_ws/src/mos_coordinator/test/scripts/test_step3_approach_cart.sh
code/mos_all_test_ws/src/mos_coordinator/test/scripts/test_step3_enhanced.sh	/home/shuochen/learning/mos_all_test_ws/src/mos_coordinator/test/scripts/test_step3_enhanced.sh
code/mos_all_test_ws/src/mos_coordinator/test/scripts/test_step4_grasp.sh	/home/shuochen/learning/mos_all_test_ws/src/mos_coordinator/test/scripts/test_step4_grasp.sh
code/mos_all_test_ws/src/mos_coordinator/test/scripts/test_topics_hz.sh	/home/shuochen/learning/mos_all_test_ws/src/mos_coordinator/test/scripts/test_topics_hz.sh
code/mos_all_test_ws/src/mos_coordinator/test/test_copyright.py	/home/shuochen/learning/mos_all_test_ws/src/mos_coordinator/test/test_copyright.py
code/mos_all_test_ws/src/mos_coordinator/test/test_flake8.py	/home/shuochen/learning/mos_all_test_ws/src/mos_coordinator/test/test_flake8.py
code/mos_all_test_ws/src/mos_coordinator/test/test_pep257.py	/home/shuochen/learning/mos_all_test_ws/src/mos_coordinator/test/test_pep257.py
code/mos_all_test_ws/src/mos_grasp_pipeline/README.md	/home/shuochen/learning/mos_all_test_ws/src/mos_grasp_pipeline/README.md
code/mos_all_test_ws/src/mos_grasp_pipeline/config/grasp_pipeline_params.yaml	/home/shuochen/learning/mos_all_test_ws/src/mos_grasp_pipeline/config/grasp_pipeline_params.yaml
code/mos_all_test_ws/src/mos_grasp_pipeline/launch/grasp_pipeline.launch.py	/home/shuochen/learning/mos_all_test_ws/src/mos_grasp_pipeline/launch/grasp_pipeline.launch.py
code/mos_all_test_ws/src/mos_grasp_pipeline/mos_grasp_pipeline/__init__.py	/home/shuochen/learning/mos_all_test_ws/src/mos_grasp_pipeline/mos_grasp_pipeline/__init__.py
code/mos_all_test_ws/src/mos_grasp_pipeline/mos_grasp_pipeline/grasp_pipeline_node.py	/home/shuochen/learning/mos_all_test_ws/src/mos_grasp_pipeline/mos_grasp_pipeline/grasp_pipeline_node.py
code/mos_all_test_ws/src/mos_grasp_pipeline/package.xml	/home/shuochen/learning/mos_all_test_ws/src/mos_grasp_pipeline/package.xml
code/mos_all_test_ws/src/mos_grasp_pipeline/resource/mos_grasp_pipeline	/home/shuochen/learning/mos_all_test_ws/src/mos_grasp_pipeline/resource/mos_grasp_pipeline
code/mos_all_test_ws/src/mos_grasp_pipeline/setup.cfg	/home/shuochen/learning/mos_all_test_ws/src/mos_grasp_pipeline/setup.cfg
code/mos_all_test_ws/src/mos_grasp_pipeline/setup.py	/home/shuochen/learning/mos_all_test_ws/src/mos_grasp_pipeline/setup.py
code/mos_all_test_ws/src/mos_grasp_selector/CMakeLists.txt	/home/shuochen/learning/mos_all_test_ws/src/mos_grasp_selector/CMakeLists.txt
code/mos_all_test_ws/src/mos_grasp_selector/README.md	/home/shuochen/learning/mos_all_test_ws/src/mos_grasp_selector/README.md
code/mos_all_test_ws/src/mos_grasp_selector/config/class_map.yaml	/home/shuochen/learning/mos_all_test_ws/src/mos_grasp_selector/config/class_map.yaml
code/mos_all_test_ws/src/mos_grasp_selector/config/grasp_selector_params.yaml	/home/shuochen/learning/mos_all_test_ws/src/mos_grasp_selector/config/grasp_selector_params.yaml
code/mos_all_test_ws/src/mos_grasp_selector/config/grasp_selector_rules.yaml	/home/shuochen/learning/mos_all_test_ws/src/mos_grasp_selector/config/grasp_selector_rules.yaml
code/mos_all_test_ws/src/mos_grasp_selector/docs/grasp_selector.md	/home/shuochen/learning/mos_all_test_ws/src/mos_grasp_selector/docs/grasp_selector.md
code/mos_all_test_ws/src/mos_grasp_selector/launch/grasp_selector.launch.py	/home/shuochen/learning/mos_all_test_ws/src/mos_grasp_selector/launch/grasp_selector.launch.py
code/mos_all_test_ws/src/mos_grasp_selector/mos_grasp_selector/__init__.py	/home/shuochen/learning/mos_all_test_ws/src/mos_grasp_selector/mos_grasp_selector/__init__.py
code/mos_all_test_ws/src/mos_grasp_selector/mos_grasp_selector/grasp_selector_node.py	/home/shuochen/learning/mos_all_test_ws/src/mos_grasp_selector/mos_grasp_selector/grasp_selector_node.py
code/mos_all_test_ws/src/mos_grasp_selector/msg/GraspPoint.msg	/home/shuochen/learning/mos_all_test_ws/src/mos_grasp_selector/msg/GraspPoint.msg
code/mos_all_test_ws/src/mos_grasp_selector/msg/GraspTask.msg	/home/shuochen/learning/mos_all_test_ws/src/mos_grasp_selector/msg/GraspTask.msg
code/mos_all_test_ws/src/mos_grasp_selector/msg/GraspTaskArray.msg	/home/shuochen/learning/mos_all_test_ws/src/mos_grasp_selector/msg/GraspTaskArray.msg
code/mos_all_test_ws/src/mos_grasp_selector/package.xml	/home/shuochen/learning/mos_all_test_ws/src/mos_grasp_selector/package.xml
code/mos_all_test_ws/src/mos_grasp_selector/resource/mos_grasp_selector	/home/shuochen/learning/mos_all_test_ws/src/mos_grasp_selector/resource/mos_grasp_selector
code/mos_all_test_ws/src/mos_grasp_selector/scripts/mos_grasp_selector	/home/shuochen/learning/mos_all_test_ws/src/mos_grasp_selector/scripts/mos_grasp_selector
code/mos_all_test_ws/src/mos_grasp_selector/setup.cfg	/home/shuochen/learning/mos_all_test_ws/src/mos_grasp_selector/setup.cfg
code/mos_all_test_ws/src/mos_grasp_selector/setup.py	/home/shuochen/learning/mos_all_test_ws/src/mos_grasp_selector/setup.py
code/mos_all_test_ws/src/mos_route_manager/.gitignore	/home/shuochen/learning/mos_all_test_ws/src/mos_route_manager/.gitignore
code/mos_all_test_ws/src/mos_route_manager/README.md	/home/shuochen/learning/mos_all_test_ws/src/mos_route_manager/README.md
code/mos_all_test_ws/src/mos_route_manager/config/route_manager.yaml	/home/shuochen/learning/mos_all_test_ws/src/mos_route_manager/config/route_manager.yaml
code/mos_all_test_ws/src/mos_route_manager/launch/route_manager.launch.py	/home/shuochen/learning/mos_all_test_ws/src/mos_route_manager/launch/route_manager.launch.py
code/mos_all_test_ws/src/mos_route_manager/mos_route_manager/__init__.py	/home/shuochen/learning/mos_all_test_ws/src/mos_route_manager/mos_route_manager/__init__.py
code/mos_all_test_ws/src/mos_route_manager/mos_route_manager/geometry.py	/home/shuochen/learning/mos_all_test_ws/src/mos_route_manager/mos_route_manager/geometry.py
code/mos_all_test_ws/src/mos_route_manager/mos_route_manager/goal_loader.py	/home/shuochen/learning/mos_all_test_ws/src/mos_route_manager/mos_route_manager/goal_loader.py
code/mos_all_test_ws/src/mos_route_manager/mos_route_manager/route_manager_node.py	/home/shuochen/learning/mos_all_test_ws/src/mos_route_manager/mos_route_manager/route_manager_node.py
code/mos_all_test_ws/src/mos_route_manager/mos_route_manager/state_machine.py	/home/shuochen/learning/mos_all_test_ws/src/mos_route_manager/mos_route_manager/state_machine.py
code/mos_all_test_ws/src/mos_route_manager/package.xml	/home/shuochen/learning/mos_all_test_ws/src/mos_route_manager/package.xml
code/mos_all_test_ws/src/mos_route_manager/resource/mos_route_manager	/home/shuochen/learning/mos_all_test_ws/src/mos_route_manager/resource/mos_route_manager
code/mos_all_test_ws/src/mos_route_manager/setup.cfg	/home/shuochen/learning/mos_all_test_ws/src/mos_route_manager/setup.cfg
code/mos_all_test_ws/src/mos_route_manager/setup.py	/home/shuochen/learning/mos_all_test_ws/src/mos_route_manager/setup.py
code/mos_all_test_ws/src/mos_route_manager/test/test_geometry.py	/home/shuochen/learning/mos_all_test_ws/src/mos_route_manager/test/test_geometry.py
code/mos_all_test_ws/src/mos_route_manager/test/test_goal_loader.py	/home/shuochen/learning/mos_all_test_ws/src/mos_route_manager/test/test_goal_loader.py
code/mos_all_test_ws/src/mos_route_manager/test/test_package_structure.py	/home/shuochen/learning/mos_all_test_ws/src/mos_route_manager/test/test_package_structure.py
code/mos_all_test_ws/src/mos_route_manager/test/test_state_machine.py	/home/shuochen/learning/mos_all_test_ws/src/mos_route_manager/test/test_state_machine.py
code/mos_all_test_ws/src/navigation2/.dockerignore	/home/shuochen/learning/mos_all_test_ws/src/navigation2/.dockerignore
code/mos_all_test_ws/src/navigation2/.gitignore	/home/shuochen/learning/mos_all_test_ws/src/navigation2/.gitignore
code/mos_all_test_ws/src/navigation2/Dockerfile	/home/shuochen/learning/mos_all_test_ws/src/navigation2/Dockerfile
code/mos_all_test_ws/src/navigation2/Doxyfile	/home/shuochen/learning/mos_all_test_ws/src/navigation2/Doxyfile
code/mos_all_test_ws/src/navigation2/LICENSE	/home/shuochen/learning/mos_all_test_ws/src/navigation2/LICENSE
code/mos_all_test_ws/src/navigation2/README.md	/home/shuochen/learning/mos_all_test_ws/src/navigation2/README.md
code/mos_all_test_ws/src/navigation2/codecov.yml	/home/shuochen/learning/mos_all_test_ws/src/navigation2/codecov.yml
code/mos_all_test_ws/src/navigation2/nav2_amcl/CMakeLists.txt	/home/shuochen/learning/mos_all_test_ws/src/navigation2/nav2_amcl/CMakeLists.txt
code/mos_all_test_ws/src/navigation2/nav2_amcl/README.md	/home/shuochen/learning/mos_all_test_ws/src/navigation2/nav2_amcl/README.md
code/mos_all_test_ws/src/navigation2/nav2_amcl/include/nav2_amcl/amcl_node.hpp	/home/shuochen/learning/mos_all_test_ws/src/navigation2/nav2_amcl/include/nav2_amcl/amcl_node.hpp
code/mos_all_test_ws/src/navigation2/nav2_amcl/include/nav2_amcl/angleutils.hpp	/home/shuochen/learning/mos_all_test_ws/src/navigation2/nav2_amcl/include/nav2_amcl/angleutils.hpp
code/mos_all_test_ws/src/navigation2/nav2_amcl/include/nav2_amcl/map/map.hpp	/home/shuochen/learning/mos_all_test_ws/src/navigation2/nav2_amcl/include/nav2_amcl/map/map.hpp
code/mos_all_test_ws/src/navigation2/nav2_amcl/include/nav2_amcl/motion_model/differential_motion_model.hpp	/home/shuochen/learning/mos_all_test_ws/src/navigation2/nav2_amcl/include/nav2_amcl/motion_model/differential_motion_model.hpp
code/mos_all_test_ws/src/navigation2/nav2_amcl/include/nav2_amcl/motion_model/motion_model.hpp	/home/shuochen/learning/mos_all_test_ws/src/navigation2/nav2_amcl/include/nav2_amcl/motion_model/motion_model.hpp
code/mos_all_test_ws/src/navigation2/nav2_amcl/include/nav2_amcl/motion_model/omni_motion_model.hpp	/home/shuochen/learning/mos_all_test_ws/src/navigation2/nav2_amcl/include/nav2_amcl/motion_model/omni_motion_model.hpp
code/mos_all_test_ws/src/navigation2/nav2_amcl/include/nav2_amcl/pf/eig3.hpp	/home/shuochen/learning/mos_all_test_ws/src/navigation2/nav2_amcl/include/nav2_amcl/pf/eig3.hpp
code/mos_all_test_ws/src/navigation2/nav2_amcl/include/nav2_amcl/pf/pf.hpp	/home/shuochen/learning/mos_all_test_ws/src/navigation2/nav2_amcl/include/nav2_amcl/pf/pf.hpp
code/mos_all_test_ws/src/navigation2/nav2_amcl/include/nav2_amcl/pf/pf_kdtree.hpp	/home/shuochen/learning/mos_all_test_ws/src/navigation2/nav2_amcl/include/nav2_amcl/pf/pf_kdtree.hpp
code/mos_all_test_ws/src/navigation2/nav2_amcl/include/nav2_amcl/pf/pf_pdf.hpp	/home/shuochen/learning/mos_all_test_ws/src/navigation2/nav2_amcl/include/nav2_amcl/pf/pf_pdf.hpp
code/mos_all_test_ws/src/navigation2/nav2_amcl/include/nav2_amcl/pf/pf_vector.hpp	/home/shuochen/learning/mos_all_test_ws/src/navigation2/nav2_amcl/include/nav2_amcl/pf/pf_vector.hpp
code/mos_all_test_ws/src/navigation2/nav2_amcl/include/nav2_amcl/portable_utils.hpp	/home/shuochen/learning/mos_all_test_ws/src/navigation2/nav2_amcl/include/nav2_amcl/portable_utils.hpp
code/mos_all_test_ws/src/navigation2/nav2_amcl/include/nav2_amcl/sensors/laser/laser.hpp	/home/shuochen/learning/mos_all_test_ws/src/navigation2/nav2_amcl/include/nav2_amcl/sensors/laser/laser.hpp
code/mos_all_test_ws/src/navigation2/nav2_amcl/package.xml	/home/shuochen/learning/mos_all_test_ws/src/navigation2/nav2_amcl/package.xml
code/mos_all_test_ws/src/navigation2/nav2_amcl/plugins.xml	/home/shuochen/learning/mos_all_test_ws/src/navigation2/nav2_amcl/plugins.xml
code/mos_all_test_ws/src/navigation2/nav2_amcl/src/amcl_node.cpp	/home/shuochen/learning/mos_all_test_ws/src/navigation2/nav2_amcl/src/amcl_node.cpp
code/mos_all_test_ws/src/navigation2/nav2_amcl/src/main.cpp	/home/shuochen/learning/mos_all_test_ws/src/navigation2/nav2_amcl/src/main.cpp
code/mos_all_test_ws/src/navigation2/nav2_amcl/src/map/CMakeLists.txt	/home/shuochen/learning/mos_all_test_ws/src/navigation2/nav2_amcl/src/map/CMakeLists.txt
code/mos_all_test_ws/src/navigation2/nav2_amcl/src/map/map.c	/home/shuochen/learning/mos_all_test_ws/src/navigation2/nav2_amcl/src/map/map.c
code/mos_all_test_ws/src/navigation2/nav2_amcl/src/map/map_cspace.cpp	/home/shuochen/learning/mos_all_test_ws/src/navigation2/nav2_amcl/src/map/map_cspace.cpp
code/mos_all_test_ws/src/navigation2/nav2_amcl/src/map/map_draw.c	/home/shuochen/learning/mos_all_test_ws/src/navigation2/nav2_amcl/src/map/map_draw.c
code/mos_all_test_ws/src/navigation2/nav2_amcl/src/map/map_range.c	/home/shuochen/learning/mos_all_test_ws/src/navigation2/nav2_amcl/src/map/map_range.c
code/mos_all_test_ws/src/navigation2/nav2_amcl/src/motion_model/CMakeLists.txt	/home/shuochen/learning/mos_all_test_ws/src/navigation2/nav2_amcl/src/motion_model/CMakeLists.txt
code/mos_all_test_ws/src/navigation2/nav2_amcl/src/motion_model/differential_motion_model.cpp	/home/shuochen/learning/mos_all_test_ws/src/navigation2/nav2_amcl/src/motion_model/differential_motion_model.cpp
code/mos_all_test_ws/src/navigation2/nav2_amcl/src/motion_model/omni_motion_model.cpp	/home/shuochen/learning/mos_all_test_ws/src/navigation2/nav2_amcl/src/motion_model/omni_motion_model.cpp
code/mos_all_test_ws/src/navigation2/nav2_amcl/src/pf/CMakeLists.txt	/home/shuochen/learning/mos_all_test_ws/src/navigation2/nav2_amcl/src/pf/CMakeLists.txt
code/mos_all_test_ws/src/navigation2/nav2_amcl/src/pf/eig3.c	/home/shuochen/learning/mos_all_test_ws/src/navigation2/nav2_amcl/src/pf/eig3.c
code/mos_all_test_ws/src/navigation2/nav2_amcl/src/pf/pf.c	/home/shuochen/learning/mos_all_test_ws/src/navigation2/nav2_amcl/src/pf/pf.c
code/mos_all_test_ws/src/navigation2/nav2_amcl/src/pf/pf_draw.c	/home/shuochen/learning/mos_all_test_ws/src/navigation2/nav2_amcl/src/pf/pf_draw.c
code/mos_all_test_ws/src/navigation2/nav2_amcl/src/pf/pf_kdtree.c	/home/shuochen/learning/mos_all_test_ws/src/navigation2/nav2_amcl/src/pf/pf_kdtree.c
code/mos_all_test_ws/src/navigation2/nav2_amcl/src/pf/pf_pdf.c	/home/shuochen/learning/mos_all_test_ws/src/navigation2/nav2_amcl/src/pf/pf_pdf.c
code/mos_all_test_ws/src/navigation2/nav2_amcl/src/pf/pf_vector.c	/home/shuochen/learning/mos_all_test_ws/src/navigation2/nav2_amcl/src/pf/pf_vector.c
code/mos_all_test_ws/src/navigation2/nav2_amcl/src/sensors/CMakeLists.txt	/home/shuochen/learning/mos_all_test_ws/src/navigation2/nav2_amcl/src/sensors/CMakeLists.txt
code/mos_all_test_ws/src/navigation2/nav2_amcl/src/sensors/laser/beam_model.cpp	/home/shuochen/learning/mos_all_test_ws/src/navigation2/nav2_amcl/src/sensors/laser/beam_model.cpp
code/mos_all_test_ws/src/navigation2/nav2_amcl/src/sensors/laser/laser.cpp	/home/shuochen/learning/mos_all_test_ws/src/navigation2/nav2_amcl/src/sensors/laser/laser.cpp
code/mos_all_test_ws/src/navigation2/nav2_amcl/src/sensors/laser/likelihood_field_model.cpp	/home/shuochen/learning/mos_all_test_ws/src/navigation2/nav2_amcl/src/sensors/laser/likelihood_field_model.cpp
code/mos_all_test_ws/src/navigation2/nav2_amcl/src/sensors/laser/likelihood_field_model_prob.cpp	/home/shuochen/learning/mos_all_test_ws/src/navigation2/nav2_amcl/src/sensors/laser/likelihood_field_model_prob.cpp
code/mos_all_test_ws/src/navigation2/nav2_behavior_tree/CHANGELOG.rst	/home/shuochen/learning/mos_all_test_ws/src/navigation2/nav2_behavior_tree/CHANGELOG.rst
code/mos_all_test_ws/src/navigation2/nav2_behavior_tree/CMakeLists.txt	/home/shuochen/learning/mos_all_test_ws/src/navigation2/nav2_behavior_tree/CMakeLists.txt
code/mos_all_test_ws/src/navigation2/nav2_behavior_tree/README.md	/home/shuochen/learning/mos_all_test_ws/src/navigation2/nav2_behavior_tree/README.md
code/mos_all_test_ws/src/navigation2/nav2_behavior_tree/doc/hierarchy.odg	/home/shuochen/learning/mos_all_test_ws/src/navigation2/nav2_behavior_tree/doc/hierarchy.odg
code/mos_all_test_ws/src/navigation2/nav2_behavior_tree/doc/hierarchy.svg	/home/shuochen/learning/mos_all_test_ws/src/navigation2/nav2_behavior_tree/doc/hierarchy.svg
code/mos_all_test_ws/src/navigation2/nav2_behavior_tree/groot_instructions.md	/home/shuochen/learning/mos_all_test_ws/src/navigation2/nav2_behavior_tree/groot_instructions.md
code/mos_all_test_ws/src/navigation2/nav2_behavior_tree/include/nav2_behavior_tree/behavior_tree_engine.hpp	/home/shuochen/learning/mos_all_test_ws/src/navigation2/nav2_behavior_tree/include/nav2_behavior_tree/behavior_tree_engine.hpp
code/mos_all_test_ws/src/navigation2/nav2_behavior_tree/include/nav2_behavior_tree/bt_action_node.hpp	/home/shuochen/learning/mos_all_test_ws/src/navigation2/nav2_behavior_tree/include/nav2_behavior_tree/bt_action_node.hpp
code/mos_all_test_ws/src/navigation2/nav2_behavior_tree/include/nav2_behavior_tree/bt_action_server.hpp	/home/shuochen/learning/mos_all_test_ws/src/navigation2/nav2_behavior_tree/include/nav2_behavior_tree/bt_action_server.hpp
code/mos_all_test_ws/src/navigation2/nav2_behavior_tree/include/nav2_behavior_tree/bt_action_server_impl.hpp	/home/shuochen/learning/mos_all_test_ws/src/navigation2/nav2_behavior_tree/include/nav2_behavior_tree/bt_action_server_impl.hpp
code/mos_all_test_ws/src/navigation2/nav2_behavior_tree/include/nav2_behavior_tree/bt_cancel_action_node.hpp	/home/shuochen/learning/mos_all_test_ws/src/navigation2/nav2_behavior_tree/include/nav2_behavior_tree/bt_cancel_action_node.hpp
code/mos_all_test_ws/src/navigation2/nav2_behavior_tree/include/nav2_behavior_tree/bt_conversions.hpp	/home/shuochen/learning/mos_all_test_ws/src/navigation2/nav2_behavior_tree/include/nav2_behavior_tree/bt_conversions.hpp
code/mos_all_test_ws/src/navigation2/nav2_behavior_tree/include/nav2_behavior_tree/bt_service_node.hpp	/home/shuochen/learning/mos_all_test_ws/src/navigation2/nav2_behavior_tree/include/nav2_behavior_tree/bt_service_node.hpp
code/mos_all_test_ws/src/navigation2/nav2_behavior_tree/include/nav2_behavior_tree/plugins/action/assisted_teleop_action.hpp	/home/shuochen/learning/mos_all_test_ws/src/navigation2/nav2_behavior_tree/include/nav2_behavior_tree/plugins/action/assisted_teleop_action.hpp
code/mos_all_test_ws/src/navigation2/nav2_behavior_tree/include/nav2_behavior_tree/plugins/action/assisted_teleop_cancel_node.hpp	/home/shuochen/learning/mos_all_test_ws/src/navigation2/nav2_behavior_tree/include/nav2_behavior_tree/plugins/action/assisted_teleop_cancel_node.hpp
code/mos_all_test_ws/src/navigation2/nav2_behavior_tree/include/nav2_behavior_tree/plugins/action/back_up_action.hpp	/home/shuochen/learning/mos_all_test_ws/src/navigation2/nav2_behavior_tree/include/nav2_behavior_tree/plugins/action/back_up_action.hpp
code/mos_all_test_ws/src/navigation2/nav2_behavior_tree/include/nav2_behavior_tree/plugins/action/back_up_cancel_node.hpp	/home/shuochen/learning/mos_all_test_ws/src/navigation2/nav2_behavior_tree/include/nav2_behavior_tree/plugins/action/back_up_cancel_node.hpp
code/mos_all_test_ws/src/navigation2/nav2_behavior_tree/include/nav2_behavior_tree/plugins/action/clear_costmap_service.hpp	/home/shuochen/learning/mos_all_test_ws/src/navigation2/nav2_behavior_tree/include/nav2_behavior_tree/plugins/action/clear_costmap_service.hpp
code/mos_all_test_ws/src/navigation2/nav2_behavior_tree/include/nav2_behavior_tree/plugins/action/compute_and_track_route_action.hpp	/home/shuochen/learning/mos_all_test_ws/src/navigation2/nav2_behavior_tree/include/nav2_behavior_tree/plugins/action/compute_and_track_route_action.hpp
code/mos_all_test_ws/src/navigation2/nav2_behavior_tree/include/nav2_behavior_tree/plugins/action/compute_path_through_poses_action.hpp	/home/shuochen/learning/mos_all_test_ws/src/navigation2/nav2_behavior_tree/include/nav2_behavior_tree/plugins/action/compute_path_through_poses_action.hpp
code/mos_all_test_ws/src/navigation2/nav2_behavior_tree/include/nav2_behavior_tree/plugins/action/compute_path_to_pose_action.hpp	/home/shuochen/learning/mos_all_test_ws/src/navigation2/nav2_behavior_tree/include/nav2_behavior_tree/plugins/action/compute_path_to_pose_action.hpp
code/mos_all_test_ws/src/navigation2/nav2_behavior_tree/include/nav2_behavior_tree/plugins/action/compute_route_action.hpp	/home/shuochen/learning/mos_all_test_ws/src/navigation2/nav2_behavior_tree/include/nav2_behavior_tree/plugins/action/compute_route_action.hpp
code/mos_all_test_ws/src/navigation2/nav2_behavior_tree/include/nav2_behavior_tree/plugins/action/controller_cancel_node.hpp	/home/shuochen/learning/mos_all_test_ws/src/navigation2/nav2_behavior_tree/include/nav2_behavior_tree/plugins/action/controller_cancel_node.hpp
code/mos_all_test_ws/src/navigation2/nav2_behavior_tree/include/nav2_behavior_tree/plugins/action/controller_selector_node.hpp	/home/shuochen/learning/mos_all_test_ws/src/navigation2/nav2_behavior_tree/include/nav2_behavior_tree/plugins/action/controller_selector_node.hpp
code/mos_all_test_ws/src/navigation2/nav2_behavior_tree/include/nav2_behavior_tree/plugins/action/drive_on_heading_action.hpp	/home/shuochen/learning/mos_all_test_ws/src/navigation2/nav2_behavior_tree/include/nav2_behavior_tree/plugins/action/drive_on_heading_action.hpp
code/mos_all_test_ws/src/navigation2/nav2_behavior_tree/include/nav2_behavior_tree/plugins/action/drive_on_heading_cancel_node.hpp	/home/shuochen/learning/mos_all_test_ws/src/navigation2/nav2_behavior_tree/include/nav2_behavior_tree/plugins/action/drive_on_heading_cancel_node.hpp
code/mos_all_test_ws/src/navigation2/nav2_behavior_tree/include/nav2_behavior_tree/plugins/action/follow_path_action.hpp	/home/shuochen/learning/mos_all_test_ws/src/navigation2/nav2_behavior_tree/include/nav2_behavior_tree/plugins/action/follow_path_action.hpp
code/mos_all_test_ws/src/navigation2/nav2_behavior_tree/include/nav2_behavior_tree/plugins/action/get_pose_from_path_action.hpp	/home/shuochen/learning/mos_all_test_ws/src/navigation2/nav2_behavior_tree/include/nav2_behavior_tree/plugins/action/get_pose_from_path_action.hpp
code/mos_all_test_ws/src/navigation2/nav2_behavior_tree/include/nav2_behavior_tree/plugins/action/goal_checker_selector_node.hpp	/home/shuochen/learning/mos_all_test_ws/src/navigation2/nav2_behavior_tree/include/nav2_behavior_tree/plugins/action/goal_checker_selector_node.hpp
code/mos_all_test_ws/src/navigation2/nav2_behavior_tree/include/nav2_behavior_tree/plugins/action/navigate_through_poses_action.hpp	/home/shuochen/learning/mos_all_test_ws/src/navigation2/nav2_behavior_tree/include/nav2_behavior_tree/plugins/action/navigate_through_poses_action.hpp
code/mos_all_test_ws/src/navigation2/nav2_behavior_tree/include/nav2_behavior_tree/plugins/action/navigate_to_pose_action.hpp	/home/shuochen/learning/mos_all_test_ws/src/navigation2/nav2_behavior_tree/include/nav2_behavior_tree/plugins/action/navigate_to_pose_action.hpp
code/mos_all_test_ws/src/navigation2/nav2_behavior_tree/include/nav2_behavior_tree/plugins/action/planner_selector_node.hpp	/home/shuochen/learning/mos_all_test_ws/src/navigation2/nav2_behavior_tree/include/nav2_behavior_tree/plugins/action/planner_selector_node.hpp
code/mos_all_test_ws/src/navigation2/nav2_behavior_tree/include/nav2_behavior_tree/plugins/action/progress_checker_selector_node.hpp	/home/shuochen/learning/mos_all_test_ws/src/navigation2/nav2_behavior_tree/include/nav2_behavior_tree/plugins/action/progress_checker_selector_node.hpp
code/mos_all_test_ws/src/navigation2/nav2_behavior_tree/include/nav2_behavior_tree/plugins/action/reinitialize_global_localization_service.hpp	/home/shuochen/learning/mos_all_test_ws/src/navigation2/nav2_behavior_tree/include/nav2_behavior_tree/plugins/action/reinitialize_global_localization_service.hpp
code/mos_all_test_ws/src/navigation2/nav2_behavior_tree/include/nav2_behavior_tree/plugins/action/remove_passed_goals_action.hpp	/home/shuochen/learning/mos_all_test_ws/src/navigation2/nav2_behavior_tree/include/nav2_behavior_tree/plugins/action/remove_passed_goals_action.hpp
code/mos_all_test_ws/src/navigation2/nav2_behavior_tree/include/nav2_behavior_tree/plugins/action/smooth_path_action.hpp	/home/shuochen/learning/mos_all_test_ws/src/navigation2/nav2_behavior_tree/include/nav2_behavior_tree/plugins/action/smooth_path_action.hpp
code/mos_all_test_ws/src/navigation2/nav2_behavior_tree/include/nav2_behavior_tree/plugins/action/smoother_selector_node.hpp	/home/shuochen/learning/mos_all_test_ws/src/navigation2/nav2_behavior_tree/include/nav2_behavior_tree/plugins/action/smoother_selector_node.hpp
code/mos_all_test_ws/src/navigation2/nav2_behavior_tree/include/nav2_behavior_tree/plugins/action/spin_action.hpp	/home/shuochen/learning/mos_all_test_ws/src/navigation2/nav2_behavior_tree/include/nav2_behavior_tree/plugins/action/spin_action.hpp
code/mos_all_test_ws/src/navigation2/nav2_behavior_tree/include/nav2_behavior_tree/plugins/action/spin_cancel_node.hpp	/home/shuochen/learning/mos_all_test_ws/src/navigation2/nav2_behavior_tree/include/nav2_behavior_tree/plugins/action/spin_cancel_node.hpp
code/mos_all_test_ws/src/navigation2/nav2_behavior_tree/include/nav2_behavior_tree/plugins/action/truncate_path_action.hpp	/home/shuochen/learning/mos_all_test_ws/src/navigation2/nav2_behavior_tree/include/nav2_behavior_tree/plugins/action/truncate_path_action.hpp
code/mos_all_test_ws/src/navigation2/nav2_behavior_tree/include/nav2_behavior_tree/plugins/action/truncate_path_local_action.hpp	/home/shuochen/learning/mos_all_test_ws/src/navigation2/nav2_behavior_tree/include/nav2_behavior_tree/plugins/action/truncate_path_local_action.hpp
code/mos_all_test_ws/src/navigation2/nav2_behavior_tree/include/nav2_behavior_tree/plugins/action/wait_action.hpp	/home/shuochen/learning/mos_all_test_ws/src/navigation2/nav2_behavior_tree/include/nav2_behavior_tree/plugins/action/wait_action.hpp
code/mos_all_test_ws/src/navigation2/nav2_behavior_tree/include/nav2_behavior_tree/plugins/action/wait_cancel_node.hpp	/home/shuochen/learning/mos_all_test_ws/src/navigation2/nav2_behavior_tree/include/nav2_behavior_tree/plugins/action/wait_cancel_node.hpp
code/mos_all_test_ws/src/navigation2/nav2_behavior_tree/include/nav2_behavior_tree/plugins/condition/distance_traveled_condition.hpp	/home/shuochen/learning/mos_all_test_ws/src/navigation2/nav2_behavior_tree/include/nav2_behavior_tree/plugins/condition/distance_traveled_condition.hpp
code/mos_all_test_ws/src/navigation2/nav2_behavior_tree/include/nav2_behavior_tree/plugins/condition/globally_updated_goal_condition.hpp	/home/shuochen/learning/mos_all_test_ws/src/navigation2/nav2_behavior_tree/include/nav2_behavior_tree/plugins/condition/globally_updated_goal_condition.hpp
code/mos_all_test_ws/src/navigation2/nav2_behavior_tree/include/nav2_behavior_tree/plugins/condition/goal_reached_condition.hpp	/home/shuochen/learning/mos_all_test_ws/src/navigation2/nav2_behavior_tree/include/nav2_behavior_tree/plugins/condition/goal_reached_condition.hpp
code/mos_all_test_ws/src/navigation2/nav2_behavior_tree/include/nav2_behavior_tree/plugins/condition/goal_updated_condition.hpp	/home/shuochen/learning/mos_all_test_ws/src/navigation2/nav2_behavior_tree/include/nav2_behavior_tree/plugins/condition/goal_updated_condition.hpp
code/mos_all_test_ws/src/navigation2/nav2_behavior_tree/include/nav2_behavior_tree/plugins/condition/initial_pose_received_condition.hpp	/home/shuochen/learning/mos_all_test_ws/src/navigation2/nav2_behavior_tree/include/nav2_behavior_tree/plugins/condition/initial_pose_received_condition.hpp
code/mos_all_test_ws/src/navigation2/nav2_behavior_tree/include/nav2_behavior_tree/plugins/condition/is_battery_charging_condition.hpp	/home/shuochen/learning/mos_all_test_ws/src/navigation2/nav2_behavior_tree/include/nav2_behavior_tree/plugins/condition/is_battery_charging_condition.hpp
code/mos_all_test_ws/src/navigation2/nav2_behavior_tree/include/nav2_behavior_tree/plugins/condition/is_battery_low_condition.hpp	/home/shuochen/learning/mos_all_test_ws/src/navigation2/nav2_behavior_tree/include/nav2_behavior_tree/plugins/condition/is_battery_low_condition.hpp
code/mos_all_test_ws/src/navigation2/nav2_behavior_tree/include/nav2_behavior_tree/plugins/condition/is_path_valid_condition.hpp	/home/shuochen/learning/mos_all_test_ws/src/navigation2/nav2_behavior_tree/include/nav2_behavior_tree/plugins/condition/is_path_valid_condition.hpp
code/mos_all_test_ws/src/navigation2/nav2_behavior_tree/include/nav2_behavior_tree/plugins/condition/is_stuck_condition.hpp	/home/shuochen/learning/mos_all_test_ws/src/navigation2/nav2_behavior_tree/include/nav2_behavior_tree/plugins/condition/is_stuck_condition.hpp
code/mos_all_test_ws/src/navigation2/nav2_behavior_tree/include/nav2_behavior_tree/plugins/condition/path_expiring_timer_condition.hpp	/home/shuochen/learning/mos_all_test_ws/src/navigation2/nav2_behavior_tree/include/nav2_behavior_tree/plugins/condition/path_expiring_timer_condition.hpp
code/mos_all_test_ws/src/navigation2/nav2_behavior_tree/include/nav2_behavior_tree/plugins/condition/time_expired_condition.hpp	/home/shuochen/learning/mos_all_test_ws/src/navigation2/nav2_behavior_tree/include/nav2_behavior_tree/plugins/condition/time_expired_condition.hpp
code/mos_all_test_ws/src/navigation2/nav2_behavior_tree/include/nav2_behavior_tree/plugins/condition/transform_available_condition.hpp	/home/shuochen/learning/mos_all_test_ws/src/navigation2/nav2_behavior_tree/include/nav2_behavior_tree/plugins/condition/transform_available_condition.hpp
code/mos_all_test_ws/src/navigation2/nav2_behavior_tree/include/nav2_behavior_tree/plugins/control/pipeline_sequence.hpp	/home/shuochen/learning/mos_all_test_ws/src/navigation2/nav2_behavior_tree/include/nav2_behavior_tree/plugins/control/pipeline_sequence.hpp
code/mos_all_test_ws/src/navigation2/nav2_behavior_tree/include/nav2_behavior_tree/plugins/control/recovery_node.hpp	/home/shuochen/learning/mos_all_test_ws/src/navigation2/nav2_behavior_tree/include/nav2_behavior_tree/plugins/control/recovery_node.hpp
code/mos_all_test_ws/src/navigation2/nav2_behavior_tree/include/nav2_behavior_tree/plugins/control/round_robin_node.hpp	/home/shuochen/learning/mos_all_test_ws/src/navigation2/nav2_behavior_tree/include/nav2_behavior_tree/plugins/control/round_robin_node.hpp
code/mos_all_test_ws/src/navigation2/nav2_behavior_tree/include/nav2_behavior_tree/plugins/decorator/distance_controller.hpp	/home/shuochen/learning/mos_all_test_ws/src/navigation2/nav2_behavior_tree/include/nav2_behavior_tree/plugins/decorator/distance_controller.hpp
code/mos_all_test_ws/src/navigation2/nav2_behavior_tree/include/nav2_behavior_tree/plugins/decorator/goal_updated_controller.hpp	/home/shuochen/learning/mos_all_test_ws/src/navigation2/nav2_behavior_tree/include/nav2_behavior_tree/plugins/decorator/goal_updated_controller.hpp
code/mos_all_test_ws/src/navigation2/nav2_behavior_tree/include/nav2_behavior_tree/plugins/decorator/goal_updater_node.hpp	/home/shuochen/learning/mos_all_test_ws/src/navigation2/nav2_behavior_tree/include/nav2_behavior_tree/plugins/decorator/goal_updater_node.hpp
code/mos_all_test_ws/src/navigation2/nav2_behavior_tree/include/nav2_behavior_tree/plugins/decorator/path_longer_on_approach.hpp	/home/shuochen/learning/mos_all_test_ws/src/navigation2/nav2_behavior_tree/include/nav2_behavior_tree/plugins/decorator/path_longer_on_approach.hpp
code/mos_all_test_ws/src/navigation2/nav2_behavior_tree/include/nav2_behavior_tree/plugins/decorator/rate_controller.hpp	/home/shuochen/learning/mos_all_test_ws/src/navigation2/nav2_behavior_tree/include/nav2_behavior_tree/plugins/decorator/rate_controller.hpp
code/mos_all_test_ws/src/navigation2/nav2_behavior_tree/include/nav2_behavior_tree/plugins/decorator/single_trigger_node.hpp	/home/shuochen/learning/mos_all_test_ws/src/navigation2/nav2_behavior_tree/include/nav2_behavior_tree/plugins/decorator/single_trigger_node.hpp
code/mos_all_test_ws/src/navigation2/nav2_behavior_tree/include/nav2_behavior_tree/plugins/decorator/speed_controller.hpp	/home/shuochen/learning/mos_all_test_ws/src/navigation2/nav2_behavior_tree/include/nav2_behavior_tree/plugins/decorator/speed_controller.hpp
code/mos_all_test_ws/src/navigation2/nav2_behavior_tree/include/nav2_behavior_tree/ros_topic_logger.hpp	/home/shuochen/learning/mos_all_test_ws/src/navigation2/nav2_behavior_tree/include/nav2_behavior_tree/ros_topic_logger.hpp
code/mos_all_test_ws/src/navigation2/nav2_behavior_tree/nav2_tree_nodes.xml	/home/shuochen/learning/mos_all_test_ws/src/navigation2/nav2_behavior_tree/nav2_tree_nodes.xml
code/mos_all_test_ws/src/navigation2/nav2_behavior_tree/package.xml	/home/shuochen/learning/mos_all_test_ws/src/navigation2/nav2_behavior_tree/package.xml
code/mos_all_test_ws/src/navigation2/nav2_behavior_tree/plugins/action/assisted_teleop_action.cpp	/home/shuochen/learning/mos_all_test_ws/src/navigation2/nav2_behavior_tree/plugins/action/assisted_teleop_action.cpp
code/mos_all_test_ws/src/navigation2/nav2_behavior_tree/plugins/action/assisted_teleop_cancel_node.cpp	/home/shuochen/learning/mos_all_test_ws/src/navigation2/nav2_behavior_tree/plugins/action/assisted_teleop_cancel_node.cpp
code/mos_all_test_ws/src/navigation2/nav2_behavior_tree/plugins/action/back_up_action.cpp	/home/shuochen/learning/mos_all_test_ws/src/navigation2/nav2_behavior_tree/plugins/action/back_up_action.cpp
code/mos_all_test_ws/src/navigation2/nav2_behavior_tree/plugins/action/back_up_cancel_node.cpp	/home/shuochen/learning/mos_all_test_ws/src/navigation2/nav2_behavior_tree/plugins/action/back_up_cancel_node.cpp
code/mos_all_test_ws/src/navigation2/nav2_behavior_tree/plugins/action/clear_costmap_service.cpp	/home/shuochen/learning/mos_all_test_ws/src/navigation2/nav2_behavior_tree/plugins/action/clear_costmap_service.cpp
code/mos_all_test_ws/src/navigation2/nav2_behavior_tree/plugins/action/compute_and_track_route_action.cpp	/home/shuochen/learning/mos_all_test_ws/src/navigation2/nav2_behavior_tree/plugins/action/compute_and_track_route_action.cpp
code/mos_all_test_ws/src/navigation2/nav2_behavior_tree/plugins/action/compute_path_through_poses_action.cpp	/home/shuochen/learning/mos_all_test_ws/src/navigation2/nav2_behavior_tree/plugins/action/compute_path_through_poses_action.cpp
code/mos_all_test_ws/src/navigation2/nav2_behavior_tree/plugins/action/compute_path_to_pose_action.cpp	/home/shuochen/learning/mos_all_test_ws/src/navigation2/nav2_behavior_tree/plugins/action/compute_path_to_pose_action.cpp
code/mos_all_test_ws/src/navigation2/nav2_behavior_tree/plugins/action/compute_route_action.cpp	/home/shuochen/learning/mos_all_test_ws/src/navigation2/nav2_behavior_tree/plugins/action/compute_route_action.cpp
code/mos_all_test_ws/src/navigation2/nav2_behavior_tree/plugins/action/controller_cancel_node.cpp	/home/shuochen/learning/mos_all_test_ws/src/navigation2/nav2_behavior_tree/plugins/action/controller_cancel_node.cpp
code/mos_all_test_ws/src/navigation2/nav2_behavior_tree/plugins/action/controller_selector_node.cpp	/home/shuochen/learning/mos_all_test_ws/src/navigation2/nav2_behavior_tree/plugins/action/controller_selector_node.cpp
code/mos_all_test_ws/src/navigation2/nav2_behavior_tree/plugins/action/drive_on_heading_action.cpp	/home/shuochen/learning/mos_all_test_ws/src/navigation2/nav2_behavior_tree/plugins/action/drive_on_heading_action.cpp
code/mos_all_test_ws/src/navigation2/nav2_behavior_tree/plugins/action/drive_on_heading_cancel_node.cpp	/home/shuochen/learning/mos_all_test_ws/src/navigation2/nav2_behavior_tree/plugins/action/drive_on_heading_cancel_node.cpp
code/mos_all_test_ws/src/navigation2/nav2_behavior_tree/plugins/action/follow_path_action.cpp	/home/shuochen/learning/mos_all_test_ws/src/navigation2/nav2_behavior_tree/plugins/action/follow_path_action.cpp
code/mos_all_test_ws/src/navigation2/nav2_behavior_tree/plugins/action/get_pose_from_path_action.cpp	/home/shuochen/learning/mos_all_test_ws/src/navigation2/nav2_behavior_tree/plugins/action/get_pose_from_path_action.cpp
code/mos_all_test_ws/src/navigation2/nav2_behavior_tree/plugins/action/goal_checker_selector_node.cpp	/home/shuochen/learning/mos_all_test_ws/src/navigation2/nav2_behavior_tree/plugins/action/goal_checker_selector_node.cpp
code/mos_all_test_ws/src/navigation2/nav2_behavior_tree/plugins/action/navigate_through_poses_action.cpp	/home/shuochen/learning/mos_all_test_ws/src/navigation2/nav2_behavior_tree/plugins/action/navigate_through_poses_action.cpp
code/mos_all_test_ws/src/navigation2/nav2_behavior_tree/plugins/action/navigate_to_pose_action.cpp	/home/shuochen/learning/mos_all_test_ws/src/navigation2/nav2_behavior_tree/plugins/action/navigate_to_pose_action.cpp
code/mos_all_test_ws/src/navigation2/nav2_behavior_tree/plugins/action/planner_selector_node.cpp	/home/shuochen/learning/mos_all_test_ws/src/navigation2/nav2_behavior_tree/plugins/action/planner_selector_node.cpp
code/mos_all_test_ws/src/navigation2/nav2_behavior_tree/plugins/action/progress_checker_selector_node.cpp	/home/shuochen/learning/mos_all_test_ws/src/navigation2/nav2_behavior_tree/plugins/action/progress_checker_selector_node.cpp
code/mos_all_test_ws/src/navigation2/nav2_behavior_tree/plugins/action/reinitialize_global_localization_service.cpp	/home/shuochen/learning/mos_all_test_ws/src/navigation2/nav2_behavior_tree/plugins/action/reinitialize_global_localization_service.cpp
code/mos_all_test_ws/src/navigation2/nav2_behavior_tree/plugins/action/remove_passed_goals_action.cpp	/home/shuochen/learning/mos_all_test_ws/src/navigation2/nav2_behavior_tree/plugins/action/remove_passed_goals_action.cpp
code/mos_all_test_ws/src/navigation2/nav2_behavior_tree/plugins/action/smooth_path_action.cpp	/home/shuochen/learning/mos_all_test_ws/src/navigation2/nav2_behavior_tree/plugins/action/smooth_path_action.cpp
code/mos_all_test_ws/src/navigation2/nav2_behavior_tree/plugins/action/smoother_selector_node.cpp	/home/shuochen/learning/mos_all_test_ws/src/navigation2/nav2_behavior_tree/plugins/action/smoother_selector_node.cpp
code/mos_all_test_ws/src/navigation2/nav2_behavior_tree/plugins/action/spin_action.cpp	/home/shuochen/learning/mos_all_test_ws/src/navigation2/nav2_behavior_tree/plugins/action/spin_action.cpp
code/mos_all_test_ws/src/navigation2/nav2_behavior_tree/plugins/action/spin_cancel_node.cpp	/home/shuochen/learning/mos_all_test_ws/src/navigation2/nav2_behavior_tree/plugins/action/spin_cancel_node.cpp
code/mos_all_test_ws/src/navigation2/nav2_behavior_tree/plugins/action/truncate_path_action.cpp	/home/shuochen/learning/mos_all_test_ws/src/navigation2/nav2_behavior_tree/plugins/action/truncate_path_action.cpp
code/mos_all_test_ws/src/navigation2/nav2_behavior_tree/plugins/action/truncate_path_local_action.cpp	/home/shuochen/learning/mos_all_test_ws/src/navigation2/nav2_behavior_tree/plugins/action/truncate_path_local_action.cpp
code/mos_all_test_ws/src/navigation2/nav2_behavior_tree/plugins/action/wait_action.cpp	/home/shuochen/learning/mos_all_test_ws/src/navigation2/nav2_behavior_tree/plugins/action/wait_action.cpp
code/mos_all_test_ws/src/navigation2/nav2_behavior_tree/plugins/action/wait_cancel_node.cpp	/home/shuochen/learning/mos_all_test_ws/src/navigation2/nav2_behavior_tree/plugins/action/wait_cancel_node.cpp
code/mos_all_test_ws/src/navigation2/nav2_behavior_tree/plugins/condition/distance_traveled_condition.cpp	/home/shuochen/learning/mos_all_test_ws/src/navigation2/nav2_behavior_tree/plugins/condition/distance_traveled_condition.cpp
code/mos_all_test_ws/src/navigation2/nav2_behavior_tree/plugins/condition/globally_updated_goal_condition.cpp	/home/shuochen/learning/mos_all_test_ws/src/navigation2/nav2_behavior_tree/plugins/condition/globally_updated_goal_condition.cpp
code/mos_all_test_ws/src/navigation2/nav2_behavior_tree/plugins/condition/goal_reached_condition.cpp	/home/shuochen/learning/mos_all_test_ws/src/navigation2/nav2_behavior_tree/plugins/condition/goal_reached_condition.cpp
code/mos_all_test_ws/src/navigation2/nav2_behavior_tree/plugins/condition/goal_updated_condition.cpp	/home/shuochen/learning/mos_all_test_ws/src/navigation2/nav2_behavior_tree/plugins/condition/goal_updated_condition.cpp
code/mos_all_test_ws/src/navigation2/nav2_behavior_tree/plugins/condition/initial_pose_received_condition.cpp	/home/shuochen/learning/mos_all_test_ws/src/navigation2/nav2_behavior_tree/plugins/condition/initial_pose_received_condition.cpp
code/mos_all_test_ws/src/navigation2/nav2_behavior_tree/plugins/condition/is_battery_charging_condition.cpp	/home/shuochen/learning/mos_all_test_ws/src/navigation2/nav2_behavior_tree/plugins/condition/is_battery_charging_condition.cpp
code/mos_all_test_ws/src/navigation2/nav2_behavior_tree/plugins/condition/is_battery_low_condition.cpp	/home/shuochen/learning/mos_all_test_ws/src/navigation2/nav2_behavior_tree/plugins/condition/is_battery_low_condition.cpp
code/mos_all_test_ws/src/navigation2/nav2_behavior_tree/plugins/condition/is_path_valid_condition.cpp	/home/shuochen/learning/mos_all_test_ws/src/navigation2/nav2_behavior_tree/plugins/condition/is_path_valid_condition.cpp
code/mos_all_test_ws/src/navigation2/nav2_behavior_tree/plugins/condition/is_stuck_condition.cpp	/home/shuochen/learning/mos_all_test_ws/src/navigation2/nav2_behavior_tree/plugins/condition/is_stuck_condition.cpp
code/mos_all_test_ws/src/navigation2/nav2_behavior_tree/plugins/condition/path_expiring_timer_condition.cpp	/home/shuochen/learning/mos_all_test_ws/src/navigation2/nav2_behavior_tree/plugins/condition/path_expiring_timer_condition.cpp
code/mos_all_test_ws/src/navigation2/nav2_behavior_tree/plugins/condition/time_expired_condition.cpp	/home/shuochen/learning/mos_all_test_ws/src/navigation2/nav2_behavior_tree/plugins/condition/time_expired_condition.cpp
code/mos_all_test_ws/src/navigation2/nav2_behavior_tree/plugins/condition/transform_available_condition.cpp	/home/shuochen/learning/mos_all_test_ws/src/navigation2/nav2_behavior_tree/plugins/condition/transform_available_condition.cpp
code/mos_all_test_ws/src/navigation2/nav2_behavior_tree/plugins/control/pipeline_sequence.cpp	/home/shuochen/learning/mos_all_test_ws/src/navigation2/nav2_behavior_tree/plugins/control/pipeline_sequence.cpp
code/mos_all_test_ws/src/navigation2/nav2_behavior_tree/plugins/control/recovery_node.cpp	/home/shuochen/learning/mos_all_test_ws/src/navigation2/nav2_behavior_tree/plugins/control/recovery_node.cpp
code/mos_all_test_ws/src/navigation2/nav2_behavior_tree/plugins/control/round_robin_node.cpp	/home/shuochen/learning/mos_all_test_ws/src/navigation2/nav2_behavior_tree/plugins/control/round_robin_node.cpp
code/mos_all_test_ws/src/navigation2/nav2_behavior_tree/plugins/decorator/distance_controller.cpp	/home/shuochen/learning/mos_all_test_ws/src/navigation2/nav2_behavior_tree/plugins/decorator/distance_controller.cpp
code/mos_all_test_ws/src/navigation2/nav2_behavior_tree/plugins/decorator/goal_updated_controller.cpp	/home/shuochen/learning/mos_all_test_ws/src/navigation2/nav2_behavior_tree/plugins/decorator/goal_updated_controller.cpp
code/mos_all_test_ws/src/navigation2/nav2_behavior_tree/plugins/decorator/goal_updater_node.cpp	/home/shuochen/learning/mos_all_test_ws/src/navigation2/nav2_behavior_tree/plugins/decorator/goal_updater_node.cpp
code/mos_all_test_ws/src/navigation2/nav2_behavior_tree/plugins/decorator/path_longer_on_approach.cpp	/home/shuochen/learning/mos_all_test_ws/src/navigation2/nav2_behavior_tree/plugins/decorator/path_longer_on_approach.cpp
code/mos_all_test_ws/src/navigation2/nav2_behavior_tree/plugins/decorator/rate_controller.cpp	/home/shuochen/learning/mos_all_test_ws/src/navigation2/nav2_behavior_tree/plugins/decorator/rate_controller.cpp
code/mos_all_test_ws/src/navigation2/nav2_behavior_tree/plugins/decorator/single_trigger_node.cpp	/home/shuochen/learning/mos_all_test_ws/src/navigation2/nav2_behavior_tree/plugins/decorator/single_trigger_node.cpp
code/mos_all_test_ws/src/navigation2/nav2_behavior_tree/plugins/decorator/speed_controller.cpp	/home/shuochen/learning/mos_all_test_ws/src/navigation2/nav2_behavior_tree/plugins/decorator/speed_controller.cpp
code/mos_all_test_ws/src/navigation2/nav2_behavior_tree/src/behavior_tree_engine.cpp	/home/shuochen/learning/mos_all_test_ws/src/navigation2/nav2_behavior_tree/src/behavior_tree_engine.cpp
code/mos_all_test_ws/src/navigation2/nav2_behavior_tree/test/CMakeLists.txt	/home/shuochen/learning/mos_all_test_ws/src/navigation2/nav2_behavior_tree/test/CMakeLists.txt
code/mos_all_test_ws/src/navigation2/nav2_behavior_tree/test/plugins/action/CMakeLists.txt	/home/shuochen/learning/mos_all_test_ws/src/navigation2/nav2_behavior_tree/test/plugins/action/CMakeLists.txt
code/mos_all_test_ws/src/navigation2/nav2_behavior_tree/test/plugins/action/test_assisted_teleop_action.cpp	/home/shuochen/learning/mos_all_test_ws/src/navigation2/nav2_behavior_tree/test/plugins/action/test_assisted_teleop_action.cpp
code/mos_all_test_ws/src/navigation2/nav2_behavior_tree/test/plugins/action/test_assisted_teleop_cancel_node.cpp	/home/shuochen/learning/mos_all_test_ws/src/navigation2/nav2_behavior_tree/test/plugins/action/test_assisted_teleop_cancel_node.cpp
code/mos_all_test_ws/src/navigation2/nav2_behavior_tree/test/plugins/action/test_back_up_action.cpp	/home/shuochen/learning/mos_all_test_ws/src/navigation2/nav2_behavior_tree/test/plugins/action/test_back_up_action.cpp
code/mos_all_test_ws/src/navigation2/nav2_behavior_tree/test/plugins/action/test_back_up_cancel_node.cpp	/home/shuochen/learning/mos_all_test_ws/src/navigation2/nav2_behavior_tree/test/plugins/action/test_back_up_cancel_node.cpp
code/mos_all_test_ws/src/navigation2/nav2_behavior_tree/test/plugins/action/test_bt_action_node.cpp	/home/shuochen/learning/mos_all_test_ws/src/navigation2/nav2_behavior_tree/test/plugins/action/test_bt_action_node.cpp
code/mos_all_test_ws/src/navigation2/nav2_behavior_tree/test/plugins/action/test_clear_costmap_service.cpp	/home/shuochen/learning/mos_all_test_ws/src/navigation2/nav2_behavior_tree/test/plugins/action/test_clear_costmap_service.cpp
code/mos_all_test_ws/src/navigation2/nav2_behavior_tree/test/plugins/action/test_compute_path_through_poses_action.cpp	/home/shuochen/learning/mos_all_test_ws/src/navigation2/nav2_behavior_tree/test/plugins/action/test_compute_path_through_poses_action.cpp
code/mos_all_test_ws/src/navigation2/nav2_behavior_tree/test/plugins/action/test_compute_path_to_pose_action.cpp	/home/shuochen/learning/mos_all_test_ws/src/navigation2/nav2_behavior_tree/test/plugins/action/test_compute_path_to_pose_action.cpp
code/mos_all_test_ws/src/navigation2/nav2_behavior_tree/test/plugins/action/test_controller_cancel_node.cpp	/home/shuochen/learning/mos_all_test_ws/src/navigation2/nav2_behavior_tree/test/plugins/action/test_controller_cancel_node.cpp
code/mos_all_test_ws/src/navigation2/nav2_behavior_tree/test/plugins/action/test_controller_selector_node.cpp	/home/shuochen/learning/mos_all_test_ws/src/navigation2/nav2_behavior_tree/test/plugins/action/test_controller_selector_node.cpp
code/mos_all_test_ws/src/navigation2/nav2_behavior_tree/test/plugins/action/test_drive_on_heading_action.cpp	/home/shuochen/learning/mos_all_test_ws/src/navigation2/nav2_behavior_tree/test/plugins/action/test_drive_on_heading_action.cpp
code/mos_all_test_ws/src/navigation2/nav2_behavior_tree/test/plugins/action/test_drive_on_heading_cancel_node.cpp	/home/shuochen/learning/mos_all_test_ws/src/navigation2/nav2_behavior_tree/test/plugins/action/test_drive_on_heading_cancel_node.cpp
code/mos_all_test_ws/src/navigation2/nav2_behavior_tree/test/plugins/action/test_follow_path_action.cpp	/home/shuochen/learning/mos_all_test_ws/src/navigation2/nav2_behavior_tree/test/plugins/action/test_follow_path_action.cpp
code/mos_all_test_ws/src/navigation2/nav2_behavior_tree/test/plugins/action/test_get_pose_from_path_action.cpp	/home/shuochen/learning/mos_all_test_ws/src/navigation2/nav2_behavior_tree/test/plugins/action/test_get_pose_from_path_action.cpp
code/mos_all_test_ws/src/navigation2/nav2_behavior_tree/test/plugins/action/test_goal_checker_selector_node.cpp	/home/shuochen/learning/mos_all_test_ws/src/navigation2/nav2_behavior_tree/test/plugins/action/test_goal_checker_selector_node.cpp
code/mos_all_test_ws/src/navigation2/nav2_behavior_tree/test/plugins/action/test_navigate_through_poses_action.cpp	/home/shuochen/learning/mos_all_test_ws/src/navigation2/nav2_behavior_tree/test/plugins/action/test_navigate_through_poses_action.cpp
code/mos_all_test_ws/src/navigation2/nav2_behavior_tree/test/plugins/action/test_navigate_to_pose_action.cpp	/home/shuochen/learning/mos_all_test_ws/src/navigation2/nav2_behavior_tree/test/plugins/action/test_navigate_to_pose_action.cpp
code/mos_all_test_ws/src/navigation2/nav2_behavior_tree/test/plugins/action/test_planner_selector_node.cpp	/home/shuochen/learning/mos_all_test_ws/src/navigation2/nav2_behavior_tree/test/plugins/action/test_planner_selector_node.cpp
code/mos_all_test_ws/src/navigation2/nav2_behavior_tree/test/plugins/action/test_progress_checker_selector_node.cpp	/home/shuochen/learning/mos_all_test_ws/src/navigation2/nav2_behavior_tree/test/plugins/action/test_progress_checker_selector_node.cpp
code/mos_all_test_ws/src/navigation2/nav2_behavior_tree/test/plugins/action/test_reinitialize_global_localization_service.cpp	/home/shuochen/learning/mos_all_test_ws/src/navigation2/nav2_behavior_tree/test/plugins/action/test_reinitialize_global_localization_service.cpp
code/mos_all_test_ws/src/navigation2/nav2_behavior_tree/test/plugins/action/test_remove_passed_goals_action.cpp	/home/shuochen/learning/mos_all_test_ws/src/navigation2/nav2_behavior_tree/test/plugins/action/test_remove_passed_goals_action.cpp
code/mos_all_test_ws/src/navigation2/nav2_behavior_tree/test/plugins/action/test_smooth_path_action.cpp	/home/shuochen/learning/mos_all_test_ws/src/navigation2/nav2_behavior_tree/test/plugins/action/test_smooth_path_action.cpp
code/mos_all_test_ws/src/navigation2/nav2_behavior_tree/test/plugins/action/test_smoother_selector_node.cpp	/home/shuochen/learning/mos_all_test_ws/src/navigation2/nav2_behavior_tree/test/plugins/action/test_smoother_selector_node.cpp
code/mos_all_test_ws/src/navigation2/nav2_behavior_tree/test/plugins/action/test_spin_action.cpp	/home/shuochen/learning/mos_all_test_ws/src/navigation2/nav2_behavior_tree/test/plugins/action/test_spin_action.cpp
code/mos_all_test_ws/src/navigation2/nav2_behavior_tree/test/plugins/action/test_spin_cancel_node.cpp	/home/shuochen/learning/mos_all_test_ws/src/navigation2/nav2_behavior_tree/test/plugins/action/test_spin_cancel_node.cpp
code/mos_all_test_ws/src/navigation2/nav2_behavior_tree/test/plugins/action/test_truncate_path_action.cpp	/home/shuochen/learning/mos_all_test_ws/src/navigation2/nav2_behavior_tree/test/plugins/action/test_truncate_path_action.cpp
code/mos_all_test_ws/src/navigation2/nav2_behavior_tree/test/plugins/action/test_truncate_path_local_action.cpp	/home/shuochen/learning/mos_all_test_ws/src/navigation2/nav2_behavior_tree/test/plugins/action/test_truncate_path_local_action.cpp
code/mos_all_test_ws/src/navigation2/nav2_behavior_tree/test/plugins/action/test_wait_action.cpp	/home/shuochen/learning/mos_all_test_ws/src/navigation2/nav2_behavior_tree/test/plugins/action/test_wait_action.cpp
code/mos_all_test_ws/src/navigation2/nav2_behavior_tree/test/plugins/action/test_wait_cancel_node.cpp	/home/shuochen/learning/mos_all_test_ws/src/navigation2/nav2_behavior_tree/test/plugins/action/test_wait_cancel_node.cpp
code/mos_all_test_ws/src/navigation2/nav2_behavior_tree/test/plugins/condition/CMakeLists.txt	/home/shuochen/learning/mos_all_test_ws/src/navigation2/nav2_behavior_tree/test/plugins/condition/CMakeLists.txt
code/mos_all_test_ws/src/navigation2/nav2_behavior_tree/test/plugins/condition/test_distance_traveled.cpp	/home/shuochen/learning/mos_all_test_ws/src/navigation2/nav2_behavior_tree/test/plugins/condition/test_distance_traveled.cpp
code/mos_all_test_ws/src/navigation2/nav2_behavior_tree/test/plugins/condition/test_globally_updated_goal.cpp	/home/shuochen/learning/mos_all_test_ws/src/navigation2/nav2_behavior_tree/test/plugins/condition/test_globally_updated_goal.cpp
code/mos_all_test_ws/src/navigation2/nav2_behavior_tree/test/plugins/condition/test_goal_reached.cpp	/home/shuochen/learning/mos_all_test_ws/src/navigation2/nav2_behavior_tree/test/plugins/condition/test_goal_reached.cpp
code/mos_all_test_ws/src/navigation2/nav2_behavior_tree/test/plugins/condition/test_goal_updated.cpp	/home/shuochen/learning/mos_all_test_ws/src/navigation2/nav2_behavior_tree/test/plugins/condition/test_goal_updated.cpp
code/mos_all_test_ws/src/navigation2/nav2_behavior_tree/test/plugins/condition/test_initial_pose_received.cpp	/home/shuochen/learning/mos_all_test_ws/src/navigation2/nav2_behavior_tree/test/plugins/condition/test_initial_pose_received.cpp
code/mos_all_test_ws/src/navigation2/nav2_behavior_tree/test/plugins/condition/test_is_battery_charging.cpp	/home/shuochen/learning/mos_all_test_ws/src/navigation2/nav2_behavior_tree/test/plugins/condition/test_is_battery_charging.cpp
code/mos_all_test_ws/src/navigation2/nav2_behavior_tree/test/plugins/condition/test_is_battery_low.cpp	/home/shuochen/learning/mos_all_test_ws/src/navigation2/nav2_behavior_tree/test/plugins/condition/test_is_battery_low.cpp
code/mos_all_test_ws/src/navigation2/nav2_behavior_tree/test/plugins/condition/test_is_path_valid.cpp	/home/shuochen/learning/mos_all_test_ws/src/navigation2/nav2_behavior_tree/test/plugins/condition/test_is_path_valid.cpp
code/mos_all_test_ws/src/navigation2/nav2_behavior_tree/test/plugins/condition/test_is_stuck.cpp	/home/shuochen/learning/mos_all_test_ws/src/navigation2/nav2_behavior_tree/test/plugins/condition/test_is_stuck.cpp
code/mos_all_test_ws/src/navigation2/nav2_behavior_tree/test/plugins/condition/test_path_expiring_timer.cpp	/home/shuochen/learning/mos_all_test_ws/src/navigation2/nav2_behavior_tree/test/plugins/condition/test_path_expiring_timer.cpp
code/mos_all_test_ws/src/navigation2/nav2_behavior_tree/test/plugins/condition/test_time_expired.cpp	/home/shuochen/learning/mos_all_test_ws/src/navigation2/nav2_behavior_tree/test/plugins/condition/test_time_expired.cpp
code/mos_all_test_ws/src/navigation2/nav2_behavior_tree/test/plugins/condition/test_transform_available.cpp	/home/shuochen/learning/mos_all_test_ws/src/navigation2/nav2_behavior_tree/test/plugins/condition/test_transform_available.cpp
code/mos_all_test_ws/src/navigation2/nav2_behavior_tree/test/plugins/control/CMakeLists.txt	/home/shuochen/learning/mos_all_test_ws/src/navigation2/nav2_behavior_tree/test/plugins/control/CMakeLists.txt
code/mos_all_test_ws/src/navigation2/nav2_behavior_tree/test/plugins/control/test_pipeline_sequence.cpp	/home/shuochen/learning/mos_all_test_ws/src/navigation2/nav2_behavior_tree/test/plugins/control/test_pipeline_sequence.cpp
code/mos_all_test_ws/src/navigation2/nav2_behavior_tree/test/plugins/control/test_recovery_node.cpp	/home/shuochen/learning/mos_all_test_ws/src/navigation2/nav2_behavior_tree/test/plugins/control/test_recovery_node.cpp
code/mos_all_test_ws/src/navigation2/nav2_behavior_tree/test/plugins/control/test_round_robin_node.cpp	/home/shuochen/learning/mos_all_test_ws/src/navigation2/nav2_behavior_tree/test/plugins/control/test_round_robin_node.cpp
code/mos_all_test_ws/src/navigation2/nav2_behavior_tree/test/plugins/decorator/CMakeLists.txt	/home/shuochen/learning/mos_all_test_ws/src/navigation2/nav2_behavior_tree/test/plugins/decorator/CMakeLists.txt
code/mos_all_test_ws/src/navigation2/nav2_behavior_tree/test/plugins/decorator/test_distance_controller.cpp	/home/shuochen/learning/mos_all_test_ws/src/navigation2/nav2_behavior_tree/test/plugins/decorator/test_distance_controller.cpp
code/mos_all_test_ws/src/navigation2/nav2_behavior_tree/test/plugins/decorator/test_goal_updated_controller.cpp	/home/shuochen/learning/mos_all_test_ws/src/navigation2/nav2_behavior_tree/test/plugins/decorator/test_goal_updated_controller.cpp
code/mos_all_test_ws/src/navigation2/nav2_behavior_tree/test/plugins/decorator/test_goal_updater_node.cpp	/home/shuochen/learning/mos_all_test_ws/src/navigation2/nav2_behavior_tree/test/plugins/decorator/test_goal_updater_node.cpp
code/mos_all_test_ws/src/navigation2/nav2_behavior_tree/test/plugins/decorator/test_path_longer_on_approach.cpp	/home/shuochen/learning/mos_all_test_ws/src/navigation2/nav2_behavior_tree/test/plugins/decorator/test_path_longer_on_approach.cpp
code/mos_all_test_ws/src/navigation2/nav2_behavior_tree/test/plugins/decorator/test_rate_controller.cpp	/home/shuochen/learning/mos_all_test_ws/src/navigation2/nav2_behavior_tree/test/plugins/decorator/test_rate_controller.cpp
code/mos_all_test_ws/src/navigation2/nav2_behavior_tree/test/plugins/decorator/test_single_trigger_node.cpp	/home/shuochen/learning/mos_all_test_ws/src/navigation2/nav2_behavior_tree/test/plugins/decorator/test_single_trigger_node.cpp
code/mos_all_test_ws/src/navigation2/nav2_behavior_tree/test/plugins/decorator/test_speed_controller.cpp	/home/shuochen/learning/mos_all_test_ws/src/navigation2/nav2_behavior_tree/test/plugins/decorator/test_speed_controller.cpp
code/mos_all_test_ws/src/navigation2/nav2_behavior_tree/test/test_action_server.hpp	/home/shuochen/learning/mos_all_test_ws/src/navigation2/nav2_behavior_tree/test/test_action_server.hpp
code/mos_all_test_ws/src/navigation2/nav2_behavior_tree/test/test_behavior_tree_fixture.hpp	/home/shuochen/learning/mos_all_test_ws/src/navigation2/nav2_behavior_tree/test/test_behavior_tree_fixture.hpp
code/mos_all_test_ws/src/navigation2/nav2_behavior_tree/test/test_bt_conversions.cpp	/home/shuochen/learning/mos_all_test_ws/src/navigation2/nav2_behavior_tree/test/test_bt_conversions.cpp
code/mos_all_test_ws/src/navigation2/nav2_behavior_tree/test/test_dummy_tree_node.hpp	/home/shuochen/learning/mos_all_test_ws/src/navigation2/nav2_behavior_tree/test/test_dummy_tree_node.hpp
code/mos_all_test_ws/src/navigation2/nav2_behavior_tree/test/test_service.hpp	/home/shuochen/learning/mos_all_test_ws/src/navigation2/nav2_behavior_tree/test/test_service.hpp
code/mos_all_test_ws/src/navigation2/nav2_behavior_tree/test/test_transform_handler.hpp	/home/shuochen/learning/mos_all_test_ws/src/navigation2/nav2_behavior_tree/test/test_transform_handler.hpp
code/mos_all_test_ws/src/navigation2/nav2_behaviors/CHANGELOG.rst	/home/shuochen/learning/mos_all_test_ws/src/navigation2/nav2_behaviors/CHANGELOG.rst
code/mos_all_test_ws/src/navigation2/nav2_behaviors/CMakeLists.txt	/home/shuochen/learning/mos_all_test_ws/src/navigation2/nav2_behaviors/CMakeLists.txt
code/mos_all_test_ws/src/navigation2/nav2_behaviors/README.md	/home/shuochen/learning/mos_all_test_ws/src/navigation2/nav2_behaviors/README.md
code/mos_all_test_ws/src/navigation2/nav2_behaviors/behavior_plugin.xml	/home/shuochen/learning/mos_all_test_ws/src/navigation2/nav2_behaviors/behavior_plugin.xml
code/mos_all_test_ws/src/navigation2/nav2_behaviors/include/nav2_behaviors/behavior_server.hpp	/home/shuochen/learning/mos_all_test_ws/src/navigation2/nav2_behaviors/include/nav2_behaviors/behavior_server.hpp
code/mos_all_test_ws/src/navigation2/nav2_behaviors/include/nav2_behaviors/plugins/assisted_teleop.hpp	/home/shuochen/learning/mos_all_test_ws/src/navigation2/nav2_behaviors/include/nav2_behaviors/plugins/assisted_teleop.hpp
code/mos_all_test_ws/src/navigation2/nav2_behaviors/include/nav2_behaviors/plugins/back_up.hpp	/home/shuochen/learning/mos_all_test_ws/src/navigation2/nav2_behaviors/include/nav2_behaviors/plugins/back_up.hpp
code/mos_all_test_ws/src/navigation2/nav2_behaviors/include/nav2_behaviors/plugins/drive_on_heading.hpp	/home/shuochen/learning/mos_all_test_ws/src/navigation2/nav2_behaviors/include/nav2_behaviors/plugins/drive_on_heading.hpp
code/mos_all_test_ws/src/navigation2/nav2_behaviors/include/nav2_behaviors/plugins/spin.hpp	/home/shuochen/learning/mos_all_test_ws/src/navigation2/nav2_behaviors/include/nav2_behaviors/plugins/spin.hpp
code/mos_all_test_ws/src/navigation2/nav2_behaviors/include/nav2_behaviors/plugins/wait.hpp	/home/shuochen/learning/mos_all_test_ws/src/navigation2/nav2_behaviors/include/nav2_behaviors/plugins/wait.hpp
code/mos_all_test_ws/src/navigation2/nav2_behaviors/include/nav2_behaviors/timed_behavior.hpp	/home/shuochen/learning/mos_all_test_ws/src/navigation2/nav2_behaviors/include/nav2_behaviors/timed_behavior.hpp
code/mos_all_test_ws/src/navigation2/nav2_behaviors/package.xml	/home/shuochen/learning/mos_all_test_ws/src/navigation2/nav2_behaviors/package.xml
code/mos_all_test_ws/src/navigation2/nav2_behaviors/plugins/assisted_teleop.cpp	/home/shuochen/learning/mos_all_test_ws/src/navigation2/nav2_behaviors/plugins/assisted_teleop.cpp
code/mos_all_test_ws/src/navigation2/nav2_behaviors/plugins/back_up.cpp	/home/shuochen/learning/mos_all_test_ws/src/navigation2/nav2_behaviors/plugins/back_up.cpp
code/mos_all_test_ws/src/navigation2/nav2_behaviors/plugins/drive_on_heading.cpp	/home/shuochen/learning/mos_all_test_ws/src/navigation2/nav2_behaviors/plugins/drive_on_heading.cpp
code/mos_all_test_ws/src/navigation2/nav2_behaviors/plugins/spin.cpp	/home/shuochen/learning/mos_all_test_ws/src/navigation2/nav2_behaviors/plugins/spin.cpp
code/mos_all_test_ws/src/navigation2/nav2_behaviors/plugins/wait.cpp	/home/shuochen/learning/mos_all_test_ws/src/navigation2/nav2_behaviors/plugins/wait.cpp
code/mos_all_test_ws/src/navigation2/nav2_behaviors/src/behavior_server.cpp	/home/shuochen/learning/mos_all_test_ws/src/navigation2/nav2_behaviors/src/behavior_server.cpp
code/mos_all_test_ws/src/navigation2/nav2_behaviors/src/main.cpp	/home/shuochen/learning/mos_all_test_ws/src/navigation2/nav2_behaviors/src/main.cpp
code/mos_all_test_ws/src/navigation2/nav2_behaviors/test/CMakeLists.txt	/home/shuochen/learning/mos_all_test_ws/src/navigation2/nav2_behaviors/test/CMakeLists.txt
code/mos_all_test_ws/src/navigation2/nav2_behaviors/test/test_behaviors.cpp	/home/shuochen/learning/mos_all_test_ws/src/navigation2/nav2_behaviors/test/test_behaviors.cpp
code/mos_all_test_ws/src/navigation2/nav2_bringup/CHANGELOG.rst	/home/shuochen/learning/mos_all_test_ws/src/navigation2/nav2_bringup/CHANGELOG.rst
code/mos_all_test_ws/src/navigation2/nav2_bringup/CMakeLists.txt	/home/shuochen/learning/mos_all_test_ws/src/navigation2/nav2_bringup/CMakeLists.txt
code/mos_all_test_ws/src/navigation2/nav2_bringup/README.md	/home/shuochen/learning/mos_all_test_ws/src/navigation2/nav2_bringup/README.md
code/mos_all_test_ws/src/navigation2/nav2_bringup/launch/bringup_launch.py	/home/shuochen/learning/mos_all_test_ws/src/navigation2/nav2_bringup/launch/bringup_launch.py
code/mos_all_test_ws/src/navigation2/nav2_bringup/launch/cloned_multi_tb3_simulation_launch.py	/home/shuochen/learning/mos_all_test_ws/src/navigation2/nav2_bringup/launch/cloned_multi_tb3_simulation_launch.py
code/mos_all_test_ws/src/navigation2/nav2_bringup/launch/localization_launch.py	/home/shuochen/learning/mos_all_test_ws/src/navigation2/nav2_bringup/launch/localization_launch.py
code/mos_all_test_ws/src/navigation2/nav2_bringup/launch/navigation_launch.py	/home/shuochen/learning/mos_all_test_ws/src/navigation2/nav2_bringup/launch/navigation_launch.py
code/mos_all_test_ws/src/navigation2/nav2_bringup/launch/rviz_launch.py	/home/shuochen/learning/mos_all_test_ws/src/navigation2/nav2_bringup/launch/rviz_launch.py
code/mos_all_test_ws/src/navigation2/nav2_bringup/launch/slam_launch.py	/home/shuochen/learning/mos_all_test_ws/src/navigation2/nav2_bringup/launch/slam_launch.py
code/mos_all_test_ws/src/navigation2/nav2_bringup/launch/tb3_simulation_launch.py	/home/shuochen/learning/mos_all_test_ws/src/navigation2/nav2_bringup/launch/tb3_simulation_launch.py
code/mos_all_test_ws/src/navigation2/nav2_bringup/launch/unique_multi_tb3_simulation_launch.py	/home/shuochen/learning/mos_all_test_ws/src/navigation2/nav2_bringup/launch/unique_multi_tb3_simulation_launch.py
code/mos_all_test_ws/src/navigation2/nav2_bringup/maps/turtlebot3_world.pgm	/home/shuochen/learning/mos_all_test_ws/src/navigation2/nav2_bringup/maps/turtlebot3_world.pgm
code/mos_all_test_ws/src/navigation2/nav2_bringup/maps/turtlebot3_world.yaml	/home/shuochen/learning/mos_all_test_ws/src/navigation2/nav2_bringup/maps/turtlebot3_world.yaml
code/mos_all_test_ws/src/navigation2/nav2_bringup/package.xml	/home/shuochen/learning/mos_all_test_ws/src/navigation2/nav2_bringup/package.xml
code/mos_all_test_ws/src/navigation2/nav2_bringup/params/nav2_multirobot_params_1.yaml	/home/shuochen/learning/mos_all_test_ws/src/navigation2/nav2_bringup/params/nav2_multirobot_params_1.yaml
code/mos_all_test_ws/src/navigation2/nav2_bringup/params/nav2_multirobot_params_2.yaml	/home/shuochen/learning/mos_all_test_ws/src/navigation2/nav2_bringup/params/nav2_multirobot_params_2.yaml
code/mos_all_test_ws/src/navigation2/nav2_bringup/params/nav2_multirobot_params_all.yaml	/home/shuochen/learning/mos_all_test_ws/src/navigation2/nav2_bringup/params/nav2_multirobot_params_all.yaml
code/mos_all_test_ws/src/navigation2/nav2_bringup/params/nav2_params.yaml	/home/shuochen/learning/mos_all_test_ws/src/navigation2/nav2_bringup/params/nav2_params.yaml
code/mos_all_test_ws/src/navigation2/nav2_bringup/rviz/nav2_default_view.rviz	/home/shuochen/learning/mos_all_test_ws/src/navigation2/nav2_bringup/rviz/nav2_default_view.rviz
code/mos_all_test_ws/src/navigation2/nav2_bringup/rviz/nav2_namespaced_view.rviz	/home/shuochen/learning/mos_all_test_ws/src/navigation2/nav2_bringup/rviz/nav2_namespaced_view.rviz
code/mos_all_test_ws/src/navigation2/nav2_bringup/urdf/turtlebot3_waffle.urdf	/home/shuochen/learning/mos_all_test_ws/src/navigation2/nav2_bringup/urdf/turtlebot3_waffle.urdf
code/mos_all_test_ws/src/navigation2/nav2_bringup/worlds/waffle.model	/home/shuochen/learning/mos_all_test_ws/src/navigation2/nav2_bringup/worlds/waffle.model
code/mos_all_test_ws/src/navigation2/nav2_bringup/worlds/world_only.model	/home/shuochen/learning/mos_all_test_ws/src/navigation2/nav2_bringup/worlds/world_only.model
code/mos_all_test_ws/src/navigation2/nav2_bt_navigator/CHANGELOG.rst	/home/shuochen/learning/mos_all_test_ws/src/navigation2/nav2_bt_navigator/CHANGELOG.rst
code/mos_all_test_ws/src/navigation2/nav2_bt_navigator/CMakeLists.txt	/home/shuochen/learning/mos_all_test_ws/src/navigation2/nav2_bt_navigator/CMakeLists.txt
code/mos_all_test_ws/src/navigation2/nav2_bt_navigator/README.md	/home/shuochen/learning/mos_all_test_ws/src/navigation2/nav2_bt_navigator/README.md
code/mos_all_test_ws/src/navigation2/nav2_bt_navigator/behavior_trees/follow_point.xml	/home/shuochen/learning/mos_all_test_ws/src/navigation2/nav2_bt_navigator/behavior_trees/follow_point.xml
code/mos_all_test_ws/src/navigation2/nav2_bt_navigator/behavior_trees/nav_to_pose_with_consistent_replanning_and_if_path_becomes_invalid.xml	/home/shuochen/learning/mos_all_test_ws/src/navigation2/nav2_bt_navigator/behavior_trees/nav_to_pose_with_consistent_replanning_and_if_path_becomes_invalid.xml
code/mos_all_test_ws/src/navigation2/nav2_bt_navigator/behavior_trees/navigate_through_poses_w_replanning_and_recovery.xml	/home/shuochen/learning/mos_all_test_ws/src/navigation2/nav2_bt_navigator/behavior_trees/navigate_through_poses_w_replanning_and_recovery.xml
code/mos_all_test_ws/src/navigation2/nav2_bt_navigator/behavior_trees/navigate_to_pose_w_replanning_and_recovery.xml	/home/shuochen/learning/mos_all_test_ws/src/navigation2/nav2_bt_navigator/behavior_trees/navigate_to_pose_w_replanning_and_recovery.xml
code/mos_all_test_ws/src/navigation2/nav2_bt_navigator/behavior_trees/navigate_to_pose_w_replanning_goal_patience_and_recovery.xml	/home/shuochen/learning/mos_all_test_ws/src/navigation2/nav2_bt_navigator/behavior_trees/navigate_to_pose_w_replanning_goal_patience_and_recovery.xml
code/mos_all_test_ws/src/navigation2/nav2_bt_navigator/behavior_trees/navigate_w_recovery_and_replanning_only_if_path_becomes_invalid.xml	/home/shuochen/learning/mos_all_test_ws/src/navigation2/nav2_bt_navigator/behavior_trees/navigate_w_recovery_and_replanning_only_if_path_becomes_invalid.xml
code/mos_all_test_ws/src/navigation2/nav2_bt_navigator/behavior_trees/navigate_w_replanning_distance.xml	/home/shuochen/learning/mos_all_test_ws/src/navigation2/nav2_bt_navigator/behavior_trees/navigate_w_replanning_distance.xml
code/mos_all_test_ws/src/navigation2/nav2_bt_navigator/behavior_trees/navigate_w_replanning_only_if_goal_is_updated.xml	/home/shuochen/learning/mos_all_test_ws/src/navigation2/nav2_bt_navigator/behavior_trees/navigate_w_replanning_only_if_goal_is_updated.xml
code/mos_all_test_ws/src/navigation2/nav2_bt_navigator/behavior_trees/navigate_w_replanning_only_if_path_becomes_invalid.xml	/home/shuochen/learning/mos_all_test_ws/src/navigation2/nav2_bt_navigator/behavior_trees/navigate_w_replanning_only_if_path_becomes_invalid.xml
code/mos_all_test_ws/src/navigation2/nav2_bt_navigator/behavior_trees/navigate_w_replanning_speed.xml	/home/shuochen/learning/mos_all_test_ws/src/navigation2/nav2_bt_navigator/behavior_trees/navigate_w_replanning_speed.xml
code/mos_all_test_ws/src/navigation2/nav2_bt_navigator/behavior_trees/navigate_w_replanning_time.xml	/home/shuochen/learning/mos_all_test_ws/src/navigation2/nav2_bt_navigator/behavior_trees/navigate_w_replanning_time.xml
code/mos_all_test_ws/src/navigation2/nav2_bt_navigator/behavior_trees/odometry_calibration.xml	/home/shuochen/learning/mos_all_test_ws/src/navigation2/nav2_bt_navigator/behavior_trees/odometry_calibration.xml
code/mos_all_test_ws/src/navigation2/nav2_bt_navigator/doc/follow_point.png	/home/shuochen/learning/mos_all_test_ws/src/navigation2/nav2_bt_navigator/doc/follow_point.png
code/mos_all_test_ws/src/navigation2/nav2_bt_navigator/doc/legend.png	/home/shuochen/learning/mos_all_test_ws/src/navigation2/nav2_bt_navigator/doc/legend.png
code/mos_all_test_ws/src/navigation2/nav2_bt_navigator/doc/navigate_w_replanning_distance.png	/home/shuochen/learning/mos_all_test_ws/src/navigation2/nav2_bt_navigator/doc/navigate_w_replanning_distance.png
code/mos_all_test_ws/src/navigation2/nav2_bt_navigator/doc/navigate_w_replanning_time.png	/home/shuochen/learning/mos_all_test_ws/src/navigation2/nav2_bt_navigator/doc/navigate_w_replanning_time.png
code/mos_all_test_ws/src/navigation2/nav2_bt_navigator/doc/parallel_w_goal_patience_and_recovery.png	/home/shuochen/learning/mos_all_test_ws/src/navigation2/nav2_bt_navigator/doc/parallel_w_goal_patience_and_recovery.png
code/mos_all_test_ws/src/navigation2/nav2_bt_navigator/doc/parallel_w_recovery.png	/home/shuochen/learning/mos_all_test_ws/src/navigation2/nav2_bt_navigator/doc/parallel_w_recovery.png
code/mos_all_test_ws/src/navigation2/nav2_bt_navigator/doc/recovery_node.png	/home/shuochen/learning/mos_all_test_ws/src/navigation2/nav2_bt_navigator/doc/recovery_node.png
code/mos_all_test_ws/src/navigation2/nav2_bt_navigator/doc/recovery_w_goal_updated.png	/home/shuochen/learning/mos_all_test_ws/src/navigation2/nav2_bt_navigator/doc/recovery_w_goal_updated.png
code/mos_all_test_ws/src/navigation2/nav2_bt_navigator/include/nav2_bt_navigator/bt_navigator.hpp	/home/shuochen/learning/mos_all_test_ws/src/navigation2/nav2_bt_navigator/include/nav2_bt_navigator/bt_navigator.hpp
code/mos_all_test_ws/src/navigation2/nav2_bt_navigator/include/nav2_bt_navigator/navigator.hpp	/home/shuochen/learning/mos_all_test_ws/src/navigation2/nav2_bt_navigator/include/nav2_bt_navigator/navigator.hpp
code/mos_all_test_ws/src/navigation2/nav2_bt_navigator/include/nav2_bt_navigator/navigators/navigate_through_poses.hpp	/home/shuochen/learning/mos_all_test_ws/src/navigation2/nav2_bt_navigator/include/nav2_bt_navigator/navigators/navigate_through_poses.hpp
code/mos_all_test_ws/src/navigation2/nav2_bt_navigator/include/nav2_bt_navigator/navigators/navigate_to_pose.hpp	/home/shuochen/learning/mos_all_test_ws/src/navigation2/nav2_bt_navigator/include/nav2_bt_navigator/navigators/navigate_to_pose.hpp
code/mos_all_test_ws/src/navigation2/nav2_bt_navigator/package.xml	/home/shuochen/learning/mos_all_test_ws/src/navigation2/nav2_bt_navigator/package.xml
code/mos_all_test_ws/src/navigation2/nav2_bt_navigator/src/bt_navigator.cpp	/home/shuochen/learning/mos_all_test_ws/src/navigation2/nav2_bt_navigator/src/bt_navigator.cpp
code/mos_all_test_ws/src/navigation2/nav2_bt_navigator/src/main.cpp	/home/shuochen/learning/mos_all_test_ws/src/navigation2/nav2_bt_navigator/src/main.cpp
code/mos_all_test_ws/src/navigation2/nav2_bt_navigator/src/navigators/navigate_through_poses.cpp	/home/shuochen/learning/mos_all_test_ws/src/navigation2/nav2_bt_navigator/src/navigators/navigate_through_poses.cpp
code/mos_all_test_ws/src/navigation2/nav2_bt_navigator/src/navigators/navigate_to_pose.cpp	/home/shuochen/learning/mos_all_test_ws/src/navigation2/nav2_bt_navigator/src/navigators/navigate_to_pose.cpp
code/mos_all_test_ws/src/navigation2/nav2_collision_monitor/CMakeLists.txt	/home/shuochen/learning/mos_all_test_ws/src/navigation2/nav2_collision_monitor/CMakeLists.txt
code/mos_all_test_ws/src/navigation2/nav2_collision_monitor/README.md	/home/shuochen/learning/mos_all_test_ws/src/navigation2/nav2_collision_monitor/README.md
code/mos_all_test_ws/src/navigation2/nav2_collision_monitor/doc/HLD.png	/home/shuochen/learning/mos_all_test_ws/src/navigation2/nav2_collision_monitor/doc/HLD.png
code/mos_all_test_ws/src/navigation2/nav2_collision_monitor/doc/polygons.png	/home/shuochen/learning/mos_all_test_ws/src/navigation2/nav2_collision_monitor/doc/polygons.png
code/mos_all_test_ws/src/navigation2/nav2_collision_monitor/include/nav2_collision_monitor/circle.hpp	/home/shuochen/learning/mos_all_test_ws/src/navigation2/nav2_collision_monitor/include/nav2_collision_monitor/circle.hpp
code/mos_all_test_ws/src/navigation2/nav2_collision_monitor/include/nav2_collision_monitor/collision_monitor_node.hpp	/home/shuochen/learning/mos_all_test_ws/src/navigation2/nav2_collision_monitor/include/nav2_collision_monitor/collision_monitor_node.hpp
code/mos_all_test_ws/src/navigation2/nav2_collision_monitor/include/nav2_collision_monitor/kinematics.hpp	/home/shuochen/learning/mos_all_test_ws/src/navigation2/nav2_collision_monitor/include/nav2_collision_monitor/kinematics.hpp
code/mos_all_test_ws/src/navigation2/nav2_collision_monitor/include/nav2_collision_monitor/pointcloud.hpp	/home/shuochen/learning/mos_all_test_ws/src/navigation2/nav2_collision_monitor/include/nav2_collision_monitor/pointcloud.hpp
code/mos_all_test_ws/src/navigation2/nav2_collision_monitor/include/nav2_collision_monitor/polygon.hpp	/home/shuochen/learning/mos_all_test_ws/src/navigation2/nav2_collision_monitor/include/nav2_collision_monitor/polygon.hpp
code/mos_all_test_ws/src/navigation2/nav2_collision_monitor/include/nav2_collision_monitor/range.hpp	/home/shuochen/learning/mos_all_test_ws/src/navigation2/nav2_collision_monitor/include/nav2_collision_monitor/range.hpp
code/mos_all_test_ws/src/navigation2/nav2_collision_monitor/include/nav2_collision_monitor/scan.hpp	/home/shuochen/learning/mos_all_test_ws/src/navigation2/nav2_collision_monitor/include/nav2_collision_monitor/scan.hpp
code/mos_all_test_ws/src/navigation2/nav2_collision_monitor/include/nav2_collision_monitor/source.hpp	/home/shuochen/learning/mos_all_test_ws/src/navigation2/nav2_collision_monitor/include/nav2_collision_monitor/source.hpp
code/mos_all_test_ws/src/navigation2/nav2_collision_monitor/include/nav2_collision_monitor/types.hpp	/home/shuochen/learning/mos_all_test_ws/src/navigation2/nav2_collision_monitor/include/nav2_collision_monitor/types.hpp
code/mos_all_test_ws/src/navigation2/nav2_collision_monitor/launch/collision_monitor_node.launch.py	/home/shuochen/learning/mos_all_test_ws/src/navigation2/nav2_collision_monitor/launch/collision_monitor_node.launch.py
code/mos_all_test_ws/src/navigation2/nav2_collision_monitor/package.xml	/home/shuochen/learning/mos_all_test_ws/src/navigation2/nav2_collision_monitor/package.xml
code/mos_all_test_ws/src/navigation2/nav2_collision_monitor/params/collision_monitor_params.yaml	/home/shuochen/learning/mos_all_test_ws/src/navigation2/nav2_collision_monitor/params/collision_monitor_params.yaml
code/mos_all_test_ws/src/navigation2/nav2_collision_monitor/src/circle.cpp	/home/shuochen/learning/mos_all_test_ws/src/navigation2/nav2_collision_monitor/src/circle.cpp
code/mos_all_test_ws/src/navigation2/nav2_collision_monitor/src/collision_monitor_node.cpp	/home/shuochen/learning/mos_all_test_ws/src/navigation2/nav2_collision_monitor/src/collision_monitor_node.cpp
code/mos_all_test_ws/src/navigation2/nav2_collision_monitor/src/kinematics.cpp	/home/shuochen/learning/mos_all_test_ws/src/navigation2/nav2_collision_monitor/src/kinematics.cpp
code/mos_all_test_ws/src/navigation2/nav2_collision_monitor/src/main.cpp	/home/shuochen/learning/mos_all_test_ws/src/navigation2/nav2_collision_monitor/src/main.cpp
code/mos_all_test_ws/src/navigation2/nav2_collision_monitor/src/pointcloud.cpp	/home/shuochen/learning/mos_all_test_ws/src/navigation2/nav2_collision_monitor/src/pointcloud.cpp
code/mos_all_test_ws/src/navigation2/nav2_collision_monitor/src/polygon.cpp	/home/shuochen/learning/mos_all_test_ws/src/navigation2/nav2_collision_monitor/src/polygon.cpp
code/mos_all_test_ws/src/navigation2/nav2_collision_monitor/src/range.cpp	/home/shuochen/learning/mos_all_test_ws/src/navigation2/nav2_collision_monitor/src/range.cpp
code/mos_all_test_ws/src/navigation2/nav2_collision_monitor/src/scan.cpp	/home/shuochen/learning/mos_all_test_ws/src/navigation2/nav2_collision_monitor/src/scan.cpp
code/mos_all_test_ws/src/navigation2/nav2_collision_monitor/src/source.cpp	/home/shuochen/learning/mos_all_test_ws/src/navigation2/nav2_collision_monitor/src/source.cpp
code/mos_all_test_ws/src/navigation2/nav2_collision_monitor/test/CMakeLists.txt	/home/shuochen/learning/mos_all_test_ws/src/navigation2/nav2_collision_monitor/test/CMakeLists.txt
code/mos_all_test_ws/src/navigation2/nav2_collision_monitor/test/collision_monitor_node_test.cpp	/home/shuochen/learning/mos_all_test_ws/src/navigation2/nav2_collision_monitor/test/collision_monitor_node_test.cpp
code/mos_all_test_ws/src/navigation2/nav2_collision_monitor/test/kinematics_test.cpp	/home/shuochen/learning/mos_all_test_ws/src/navigation2/nav2_collision_monitor/test/kinematics_test.cpp
code/mos_all_test_ws/src/navigation2/nav2_collision_monitor/test/polygons_test.cpp	/home/shuochen/learning/mos_all_test_ws/src/navigation2/nav2_collision_monitor/test/polygons_test.cpp
code/mos_all_test_ws/src/navigation2/nav2_collision_monitor/test/sources_test.cpp	/home/shuochen/learning/mos_all_test_ws/src/navigation2/nav2_collision_monitor/test/sources_test.cpp
code/mos_all_test_ws/src/navigation2/nav2_common/CMakeLists.txt	/home/shuochen/learning/mos_all_test_ws/src/navigation2/nav2_common/CMakeLists.txt
code/mos_all_test_ws/src/navigation2/nav2_common/cmake/nav2_package.cmake	/home/shuochen/learning/mos_all_test_ws/src/navigation2/nav2_common/cmake/nav2_package.cmake
code/mos_all_test_ws/src/navigation2/nav2_common/nav2_common-extras.cmake	/home/shuochen/learning/mos_all_test_ws/src/navigation2/nav2_common/nav2_common-extras.cmake
code/mos_all_test_ws/src/navigation2/nav2_common/nav2_common/__init__.py	/home/shuochen/learning/mos_all_test_ws/src/navigation2/nav2_common/nav2_common/__init__.py
code/mos_all_test_ws/src/navigation2/nav2_common/nav2_common/launch/__init__.py	/home/shuochen/learning/mos_all_test_ws/src/navigation2/nav2_common/nav2_common/launch/__init__.py
code/mos_all_test_ws/src/navigation2/nav2_common/nav2_common/launch/has_node_params.py	/home/shuochen/learning/mos_all_test_ws/src/navigation2/nav2_common/nav2_common/launch/has_node_params.py
code/mos_all_test_ws/src/navigation2/nav2_common/nav2_common/launch/parse_multirobot_pose.py	/home/shuochen/learning/mos_all_test_ws/src/navigation2/nav2_common/nav2_common/launch/parse_multirobot_pose.py
code/mos_all_test_ws/src/navigation2/nav2_common/nav2_common/launch/replace_string.py	/home/shuochen/learning/mos_all_test_ws/src/navigation2/nav2_common/nav2_common/launch/replace_string.py
code/mos_all_test_ws/src/navigation2/nav2_common/nav2_common/launch/rewritten_yaml.py	/home/shuochen/learning/mos_all_test_ws/src/navigation2/nav2_common/nav2_common/launch/rewritten_yaml.py
code/mos_all_test_ws/src/navigation2/nav2_common/package.xml	/home/shuochen/learning/mos_all_test_ws/src/navigation2/nav2_common/package.xml
code/mos_all_test_ws/src/navigation2/nav2_constrained_smoother/CMakeLists.txt	/home/shuochen/learning/mos_all_test_ws/src/navigation2/nav2_constrained_smoother/CMakeLists.txt
code/mos_all_test_ws/src/navigation2/nav2_constrained_smoother/README.md	/home/shuochen/learning/mos_all_test_ws/src/navigation2/nav2_constrained_smoother/README.md
code/mos_all_test_ws/src/navigation2/nav2_constrained_smoother/include/nav2_constrained_smoother/constrained_smoother.hpp	/home/shuochen/learning/mos_all_test_ws/src/navigation2/nav2_constrained_smoother/include/nav2_constrained_smoother/constrained_smoother.hpp
code/mos_all_test_ws/src/navigation2/nav2_constrained_smoother/include/nav2_constrained_smoother/options.hpp	/home/shuochen/learning/mos_all_test_ws/src/navigation2/nav2_constrained_smoother/include/nav2_constrained_smoother/options.hpp
code/mos_all_test_ws/src/navigation2/nav2_constrained_smoother/include/nav2_constrained_smoother/smoother.hpp	/home/shuochen/learning/mos_all_test_ws/src/navigation2/nav2_constrained_smoother/include/nav2_constrained_smoother/smoother.hpp
code/mos_all_test_ws/src/navigation2/nav2_constrained_smoother/include/nav2_constrained_smoother/smoother_cost_function.hpp	/home/shuochen/learning/mos_all_test_ws/src/navigation2/nav2_constrained_smoother/include/nav2_constrained_smoother/smoother_cost_function.hpp
code/mos_all_test_ws/src/navigation2/nav2_constrained_smoother/include/nav2_constrained_smoother/utils.hpp	/home/shuochen/learning/mos_all_test_ws/src/navigation2/nav2_constrained_smoother/include/nav2_constrained_smoother/utils.hpp
code/mos_all_test_ws/src/navigation2/nav2_constrained_smoother/nav2_constrained_smoother.xml	/home/shuochen/learning/mos_all_test_ws/src/navigation2/nav2_constrained_smoother/nav2_constrained_smoother.xml
code/mos_all_test_ws/src/navigation2/nav2_constrained_smoother/package.xml	/home/shuochen/learning/mos_all_test_ws/src/navigation2/nav2_constrained_smoother/package.xml
code/mos_all_test_ws/src/navigation2/nav2_constrained_smoother/src/constrained_smoother.cpp	/home/shuochen/learning/mos_all_test_ws/src/navigation2/nav2_constrained_smoother/src/constrained_smoother.cpp
code/mos_all_test_ws/src/navigation2/nav2_constrained_smoother/test/CMakeLists.txt	/home/shuochen/learning/mos_all_test_ws/src/navigation2/nav2_constrained_smoother/test/CMakeLists.txt
code/mos_all_test_ws/src/navigation2/nav2_constrained_smoother/test/test_constrained_smoother.cpp	/home/shuochen/learning/mos_all_test_ws/src/navigation2/nav2_constrained_smoother/test/test_constrained_smoother.cpp
code/mos_all_test_ws/src/navigation2/nav2_constrained_smoother/test/test_smoother_cost_function.cpp	/home/shuochen/learning/mos_all_test_ws/src/navigation2/nav2_constrained_smoother/test/test_smoother_cost_function.cpp
code/mos_all_test_ws/src/navigation2/nav2_controller/CMakeLists.txt	/home/shuochen/learning/mos_all_test_ws/src/navigation2/nav2_controller/CMakeLists.txt
code/mos_all_test_ws/src/navigation2/nav2_controller/README.md	/home/shuochen/learning/mos_all_test_ws/src/navigation2/nav2_controller/README.md
code/mos_all_test_ws/src/navigation2/nav2_controller/include/nav2_controller/controller_server.hpp	/home/shuochen/learning/mos_all_test_ws/src/navigation2/nav2_controller/include/nav2_controller/controller_server.hpp
code/mos_all_test_ws/src/navigation2/nav2_controller/include/nav2_controller/plugins/pose_progress_checker.hpp	/home/shuochen/learning/mos_all_test_ws/src/navigation2/nav2_controller/include/nav2_controller/plugins/pose_progress_checker.hpp
code/mos_all_test_ws/src/navigation2/nav2_controller/include/nav2_controller/plugins/position_goal_checker.hpp	/home/shuochen/learning/mos_all_test_ws/src/navigation2/nav2_controller/include/nav2_controller/plugins/position_goal_checker.hpp
code/mos_all_test_ws/src/navigation2/nav2_controller/include/nav2_controller/plugins/simple_goal_checker.hpp	/home/shuochen/learning/mos_all_test_ws/src/navigation2/nav2_controller/include/nav2_controller/plugins/simple_goal_checker.hpp
code/mos_all_test_ws/src/navigation2/nav2_controller/include/nav2_controller/plugins/simple_progress_checker.hpp	/home/shuochen/learning/mos_all_test_ws/src/navigation2/nav2_controller/include/nav2_controller/plugins/simple_progress_checker.hpp
code/mos_all_test_ws/src/navigation2/nav2_controller/include/nav2_controller/plugins/stopped_goal_checker.hpp	/home/shuochen/learning/mos_all_test_ws/src/navigation2/nav2_controller/include/nav2_controller/plugins/stopped_goal_checker.hpp
code/mos_all_test_ws/src/navigation2/nav2_controller/package.xml	/home/shuochen/learning/mos_all_test_ws/src/navigation2/nav2_controller/package.xml
code/mos_all_test_ws/src/navigation2/nav2_controller/plugins.xml	/home/shuochen/learning/mos_all_test_ws/src/navigation2/nav2_controller/plugins.xml
code/mos_all_test_ws/src/navigation2/nav2_controller/plugins/pose_progress_checker.cpp	/home/shuochen/learning/mos_all_test_ws/src/navigation2/nav2_controller/plugins/pose_progress_checker.cpp
code/mos_all_test_ws/src/navigation2/nav2_controller/plugins/position_goal_checker.cpp	/home/shuochen/learning/mos_all_test_ws/src/navigation2/nav2_controller/plugins/position_goal_checker.cpp
code/mos_all_test_ws/src/navigation2/nav2_controller/plugins/simple_goal_checker.cpp	/home/shuochen/learning/mos_all_test_ws/src/navigation2/nav2_controller/plugins/simple_goal_checker.cpp
code/mos_all_test_ws/src/navigation2/nav2_controller/plugins/simple_progress_checker.cpp	/home/shuochen/learning/mos_all_test_ws/src/navigation2/nav2_controller/plugins/simple_progress_checker.cpp
code/mos_all_test_ws/src/navigation2/nav2_controller/plugins/stopped_goal_checker.cpp	/home/shuochen/learning/mos_all_test_ws/src/navigation2/nav2_controller/plugins/stopped_goal_checker.cpp
code/mos_all_test_ws/src/navigation2/nav2_controller/plugins/test/CMakeLists.txt	/home/shuochen/learning/mos_all_test_ws/src/navigation2/nav2_controller/plugins/test/CMakeLists.txt
code/mos_all_test_ws/src/navigation2/nav2_controller/plugins/test/goal_checker.cpp	/home/shuochen/learning/mos_all_test_ws/src/navigation2/nav2_controller/plugins/test/goal_checker.cpp
code/mos_all_test_ws/src/navigation2/nav2_controller/plugins/test/progress_checker.cpp	/home/shuochen/learning/mos_all_test_ws/src/navigation2/nav2_controller/plugins/test/progress_checker.cpp
code/mos_all_test_ws/src/navigation2/nav2_controller/src/controller_server.cpp	/home/shuochen/learning/mos_all_test_ws/src/navigation2/nav2_controller/src/controller_server.cpp
code/mos_all_test_ws/src/navigation2/nav2_controller/src/main.cpp	/home/shuochen/learning/mos_all_test_ws/src/navigation2/nav2_controller/src/main.cpp
code/mos_all_test_ws/src/navigation2/nav2_controller/test/CMakeLists.txt	/home/shuochen/learning/mos_all_test_ws/src/navigation2/nav2_controller/test/CMakeLists.txt
code/mos_all_test_ws/src/navigation2/nav2_controller/test/test_dynamic_parameters.cpp	/home/shuochen/learning/mos_all_test_ws/src/navigation2/nav2_controller/test/test_dynamic_parameters.cpp
code/mos_all_test_ws/src/navigation2/nav2_core/CMakeLists.txt	/home/shuochen/learning/mos_all_test_ws/src/navigation2/nav2_core/CMakeLists.txt
code/mos_all_test_ws/src/navigation2/nav2_core/README.md	/home/shuochen/learning/mos_all_test_ws/src/navigation2/nav2_core/README.md
code/mos_all_test_ws/src/navigation2/nav2_core/include/nav2_core/behavior.hpp	/home/shuochen/learning/mos_all_test_ws/src/navigation2/nav2_core/include/nav2_core/behavior.hpp
code/mos_all_test_ws/src/navigation2/nav2_core/include/nav2_core/controller.hpp	/home/shuochen/learning/mos_all_test_ws/src/navigation2/nav2_core/include/nav2_core/controller.hpp
code/mos_all_test_ws/src/navigation2/nav2_core/include/nav2_core/exceptions.hpp	/home/shuochen/learning/mos_all_test_ws/src/navigation2/nav2_core/include/nav2_core/exceptions.hpp
code/mos_all_test_ws/src/navigation2/nav2_core/include/nav2_core/global_planner.hpp	/home/shuochen/learning/mos_all_test_ws/src/navigation2/nav2_core/include/nav2_core/global_planner.hpp
code/mos_all_test_ws/src/navigation2/nav2_core/include/nav2_core/goal_checker.hpp	/home/shuochen/learning/mos_all_test_ws/src/navigation2/nav2_core/include/nav2_core/goal_checker.hpp
code/mos_all_test_ws/src/navigation2/nav2_core/include/nav2_core/progress_checker.hpp	/home/shuochen/learning/mos_all_test_ws/src/navigation2/nav2_core/include/nav2_core/progress_checker.hpp
code/mos_all_test_ws/src/navigation2/nav2_core/include/nav2_core/route_exceptions.hpp	/home/shuochen/learning/mos_all_test_ws/src/navigation2/nav2_core/include/nav2_core/route_exceptions.hpp
code/mos_all_test_ws/src/navigation2/nav2_core/include/nav2_core/smoother.hpp	/home/shuochen/learning/mos_all_test_ws/src/navigation2/nav2_core/include/nav2_core/smoother.hpp
code/mos_all_test_ws/src/navigation2/nav2_core/include/nav2_core/waypoint_task_executor.hpp	/home/shuochen/learning/mos_all_test_ws/src/navigation2/nav2_core/include/nav2_core/waypoint_task_executor.hpp
code/mos_all_test_ws/src/navigation2/nav2_core/package.xml	/home/shuochen/learning/mos_all_test_ws/src/navigation2/nav2_core/package.xml
code/mos_all_test_ws/src/navigation2/nav2_costmap_2d/CHANGELOG.rst	/home/shuochen/learning/mos_all_test_ws/src/navigation2/nav2_costmap_2d/CHANGELOG.rst
code/mos_all_test_ws/src/navigation2/nav2_costmap_2d/CMakeLists.txt	/home/shuochen/learning/mos_all_test_ws/src/navigation2/nav2_costmap_2d/CMakeLists.txt
code/mos_all_test_ws/src/navigation2/nav2_costmap_2d/README.md	/home/shuochen/learning/mos_all_test_ws/src/navigation2/nav2_costmap_2d/README.md
code/mos_all_test_ws/src/navigation2/nav2_costmap_2d/costmap_plugins.xml	/home/shuochen/learning/mos_all_test_ws/src/navigation2/nav2_costmap_2d/costmap_plugins.xml
code/mos_all_test_ws/src/navigation2/nav2_costmap_2d/include/nav2_costmap_2d/array_parser.hpp	/home/shuochen/learning/mos_all_test_ws/src/navigation2/nav2_costmap_2d/include/nav2_costmap_2d/array_parser.hpp
code/mos_all_test_ws/src/navigation2/nav2_costmap_2d/include/nav2_costmap_2d/clear_costmap_service.hpp	/home/shuochen/learning/mos_all_test_ws/src/navigation2/nav2_costmap_2d/include/nav2_costmap_2d/clear_costmap_service.hpp
code/mos_all_test_ws/src/navigation2/nav2_costmap_2d/include/nav2_costmap_2d/cost_values.hpp	/home/shuochen/learning/mos_all_test_ws/src/navigation2/nav2_costmap_2d/include/nav2_costmap_2d/cost_values.hpp
code/mos_all_test_ws/src/navigation2/nav2_costmap_2d/include/nav2_costmap_2d/costmap_2d.hpp	/home/shuochen/learning/mos_all_test_ws/src/navigation2/nav2_costmap_2d/include/nav2_costmap_2d/costmap_2d.hpp
code/mos_all_test_ws/src/navigation2/nav2_costmap_2d/include/nav2_costmap_2d/costmap_2d_publisher.hpp	/home/shuochen/learning/mos_all_test_ws/src/navigation2/nav2_costmap_2d/include/nav2_costmap_2d/costmap_2d_publisher.hpp
code/mos_all_test_ws/src/navigation2/nav2_costmap_2d/include/nav2_costmap_2d/costmap_2d_ros.hpp	/home/shuochen/learning/mos_all_test_ws/src/navigation2/nav2_costmap_2d/include/nav2_costmap_2d/costmap_2d_ros.hpp
code/mos_all_test_ws/src/navigation2/nav2_costmap_2d/include/nav2_costmap_2d/costmap_filters/binary_filter.hpp	/home/shuochen/learning/mos_all_test_ws/src/navigation2/nav2_costmap_2d/include/nav2_costmap_2d/costmap_filters/binary_filter.hpp
code/mos_all_test_ws/src/navigation2/nav2_costmap_2d/include/nav2_costmap_2d/costmap_filters/costmap_filter.hpp	/home/shuochen/learning/mos_all_test_ws/src/navigation2/nav2_costmap_2d/include/nav2_costmap_2d/costmap_filters/costmap_filter.hpp
code/mos_all_test_ws/src/navigation2/nav2_costmap_2d/include/nav2_costmap_2d/costmap_filters/filter_values.hpp	/home/shuochen/learning/mos_all_test_ws/src/navigation2/nav2_costmap_2d/include/nav2_costmap_2d/costmap_filters/filter_values.hpp
code/mos_all_test_ws/src/navigation2/nav2_costmap_2d/include/nav2_costmap_2d/costmap_filters/keepout_filter.hpp	/home/shuochen/learning/mos_all_test_ws/src/navigation2/nav2_costmap_2d/include/nav2_costmap_2d/costmap_filters/keepout_filter.hpp
code/mos_all_test_ws/src/navigation2/nav2_costmap_2d/include/nav2_costmap_2d/costmap_filters/speed_filter.hpp	/home/shuochen/learning/mos_all_test_ws/src/navigation2/nav2_costmap_2d/include/nav2_costmap_2d/costmap_filters/speed_filter.hpp
code/mos_all_test_ws/src/navigation2/nav2_costmap_2d/include/nav2_costmap_2d/costmap_layer.hpp	/home/shuochen/learning/mos_all_test_ws/src/navigation2/nav2_costmap_2d/include/nav2_costmap_2d/costmap_layer.hpp
code/mos_all_test_ws/src/navigation2/nav2_costmap_2d/include/nav2_costmap_2d/costmap_math.hpp	/home/shuochen/learning/mos_all_test_ws/src/navigation2/nav2_costmap_2d/include/nav2_costmap_2d/costmap_math.hpp
code/mos_all_test_ws/src/navigation2/nav2_costmap_2d/include/nav2_costmap_2d/costmap_subscriber.hpp	/home/shuochen/learning/mos_all_test_ws/src/navigation2/nav2_costmap_2d/include/nav2_costmap_2d/costmap_subscriber.hpp
code/mos_all_test_ws/src/navigation2/nav2_costmap_2d/include/nav2_costmap_2d/costmap_topic_collision_checker.hpp	/home/shuochen/learning/mos_all_test_ws/src/navigation2/nav2_costmap_2d/include/nav2_costmap_2d/costmap_topic_collision_checker.hpp
code/mos_all_test_ws/src/navigation2/nav2_costmap_2d/include/nav2_costmap_2d/denoise/image.hpp	/home/shuochen/learning/mos_all_test_ws/src/navigation2/nav2_costmap_2d/include/nav2_costmap_2d/denoise/image.hpp
code/mos_all_test_ws/src/navigation2/nav2_costmap_2d/include/nav2_costmap_2d/denoise/image_processing.hpp	/home/shuochen/learning/mos_all_test_ws/src/navigation2/nav2_costmap_2d/include/nav2_costmap_2d/denoise/image_processing.hpp
code/mos_all_test_ws/src/navigation2/nav2_costmap_2d/include/nav2_costmap_2d/denoise_layer.hpp	/home/shuochen/learning/mos_all_test_ws/src/navigation2/nav2_costmap_2d/include/nav2_costmap_2d/denoise_layer.hpp
code/mos_all_test_ws/src/navigation2/nav2_costmap_2d/include/nav2_costmap_2d/exceptions.hpp	/home/shuochen/learning/mos_all_test_ws/src/navigation2/nav2_costmap_2d/include/nav2_costmap_2d/exceptions.hpp
code/mos_all_test_ws/src/navigation2/nav2_costmap_2d/include/nav2_costmap_2d/footprint.hpp	/home/shuochen/learning/mos_all_test_ws/src/navigation2/nav2_costmap_2d/include/nav2_costmap_2d/footprint.hpp
code/mos_all_test_ws/src/navigation2/nav2_costmap_2d/include/nav2_costmap_2d/footprint_collision_checker.hpp	/home/shuochen/learning/mos_all_test_ws/src/navigation2/nav2_costmap_2d/include/nav2_costmap_2d/footprint_collision_checker.hpp
code/mos_all_test_ws/src/navigation2/nav2_costmap_2d/include/nav2_costmap_2d/footprint_subscriber.hpp	/home/shuochen/learning/mos_all_test_ws/src/navigation2/nav2_costmap_2d/include/nav2_costmap_2d/footprint_subscriber.hpp
code/mos_all_test_ws/src/navigation2/nav2_costmap_2d/include/nav2_costmap_2d/inflation_layer.hpp	/home/shuochen/learning/mos_all_test_ws/src/navigation2/nav2_costmap_2d/include/nav2_costmap_2d/inflation_layer.hpp
code/mos_all_test_ws/src/navigation2/nav2_costmap_2d/include/nav2_costmap_2d/layer.hpp	/home/shuochen/learning/mos_all_test_ws/src/navigation2/nav2_costmap_2d/include/nav2_costmap_2d/layer.hpp
code/mos_all_test_ws/src/navigation2/nav2_costmap_2d/include/nav2_costmap_2d/layered_costmap.hpp	/home/shuochen/learning/mos_all_test_ws/src/navigation2/nav2_costmap_2d/include/nav2_costmap_2d/layered_costmap.hpp
code/mos_all_test_ws/src/navigation2/nav2_costmap_2d/include/nav2_costmap_2d/observation.hpp	/home/shuochen/learning/mos_all_test_ws/src/navigation2/nav2_costmap_2d/include/nav2_costmap_2d/observation.hpp
code/mos_all_test_ws/src/navigation2/nav2_costmap_2d/include/nav2_costmap_2d/observation_buffer.hpp	/home/shuochen/learning/mos_all_test_ws/src/navigation2/nav2_costmap_2d/include/nav2_costmap_2d/observation_buffer.hpp
code/mos_all_test_ws/src/navigation2/nav2_costmap_2d/include/nav2_costmap_2d/obstacle_layer.hpp	/home/shuochen/learning/mos_all_test_ws/src/navigation2/nav2_costmap_2d/include/nav2_costmap_2d/obstacle_layer.hpp
code/mos_all_test_ws/src/navigation2/nav2_costmap_2d/include/nav2_costmap_2d/range_sensor_layer.hpp	/home/shuochen/learning/mos_all_test_ws/src/navigation2/nav2_costmap_2d/include/nav2_costmap_2d/range_sensor_layer.hpp
code/mos_all_test_ws/src/navigation2/nav2_costmap_2d/include/nav2_costmap_2d/static_layer.hpp	/home/shuochen/learning/mos_all_test_ws/src/navigation2/nav2_costmap_2d/include/nav2_costmap_2d/static_layer.hpp
code/mos_all_test_ws/src/navigation2/nav2_costmap_2d/include/nav2_costmap_2d/voxel_layer.hpp	/home/shuochen/learning/mos_all_test_ws/src/navigation2/nav2_costmap_2d/include/nav2_costmap_2d/voxel_layer.hpp
code/mos_all_test_ws/src/navigation2/nav2_costmap_2d/package.xml	/home/shuochen/learning/mos_all_test_ws/src/navigation2/nav2_costmap_2d/package.xml
code/mos_all_test_ws/src/navigation2/nav2_costmap_2d/plugins/costmap_filters/binary_filter.cpp	/home/shuochen/learning/mos_all_test_ws/src/navigation2/nav2_costmap_2d/plugins/costmap_filters/binary_filter.cpp
code/mos_all_test_ws/src/navigation2/nav2_costmap_2d/plugins/costmap_filters/costmap_filter.cpp	/home/shuochen/learning/mos_all_test_ws/src/navigation2/nav2_costmap_2d/plugins/costmap_filters/costmap_filter.cpp
code/mos_all_test_ws/src/navigation2/nav2_costmap_2d/plugins/costmap_filters/keepout_filter.cpp	/home/shuochen/learning/mos_all_test_ws/src/navigation2/nav2_costmap_2d/plugins/costmap_filters/keepout_filter.cpp
code/mos_all_test_ws/src/navigation2/nav2_costmap_2d/plugins/costmap_filters/speed_filter.cpp	/home/shuochen/learning/mos_all_test_ws/src/navigation2/nav2_costmap_2d/plugins/costmap_filters/speed_filter.cpp
code/mos_all_test_ws/src/navigation2/nav2_costmap_2d/plugins/denoise_layer.cpp	/home/shuochen/learning/mos_all_test_ws/src/navigation2/nav2_costmap_2d/plugins/denoise_layer.cpp
code/mos_all_test_ws/src/navigation2/nav2_costmap_2d/plugins/inflation_layer.cpp	/home/shuochen/learning/mos_all_test_ws/src/navigation2/nav2_costmap_2d/plugins/inflation_layer.cpp
code/mos_all_test_ws/src/navigation2/nav2_costmap_2d/plugins/obstacle_layer.cpp	/home/shuochen/learning/mos_all_test_ws/src/navigation2/nav2_costmap_2d/plugins/obstacle_layer.cpp
code/mos_all_test_ws/src/navigation2/nav2_costmap_2d/plugins/range_sensor_layer.cpp	/home/shuochen/learning/mos_all_test_ws/src/navigation2/nav2_costmap_2d/plugins/range_sensor_layer.cpp
code/mos_all_test_ws/src/navigation2/nav2_costmap_2d/plugins/static_layer.cpp	/home/shuochen/learning/mos_all_test_ws/src/navigation2/nav2_costmap_2d/plugins/static_layer.cpp
code/mos_all_test_ws/src/navigation2/nav2_costmap_2d/plugins/voxel_layer.cpp	/home/shuochen/learning/mos_all_test_ws/src/navigation2/nav2_costmap_2d/plugins/voxel_layer.cpp
code/mos_all_test_ws/src/navigation2/nav2_costmap_2d/src/array_parser.cpp	/home/shuochen/learning/mos_all_test_ws/src/navigation2/nav2_costmap_2d/src/array_parser.cpp
code/mos_all_test_ws/src/navigation2/nav2_costmap_2d/src/clear_costmap_service.cpp	/home/shuochen/learning/mos_all_test_ws/src/navigation2/nav2_costmap_2d/src/clear_costmap_service.cpp
code/mos_all_test_ws/src/navigation2/nav2_costmap_2d/src/costmap_2d.cpp	/home/shuochen/learning/mos_all_test_ws/src/navigation2/nav2_costmap_2d/src/costmap_2d.cpp
code/mos_all_test_ws/src/navigation2/nav2_costmap_2d/src/costmap_2d_cloud.cpp	/home/shuochen/learning/mos_all_test_ws/src/navigation2/nav2_costmap_2d/src/costmap_2d_cloud.cpp
code/mos_all_test_ws/src/navigation2/nav2_costmap_2d/src/costmap_2d_markers.cpp	/home/shuochen/learning/mos_all_test_ws/src/navigation2/nav2_costmap_2d/src/costmap_2d_markers.cpp
code/mos_all_test_ws/src/navigation2/nav2_costmap_2d/src/costmap_2d_node.cpp	/home/shuochen/learning/mos_all_test_ws/src/navigation2/nav2_costmap_2d/src/costmap_2d_node.cpp
code/mos_all_test_ws/src/navigation2/nav2_costmap_2d/src/costmap_2d_publisher.cpp	/home/shuochen/learning/mos_all_test_ws/src/navigation2/nav2_costmap_2d/src/costmap_2d_publisher.cpp
code/mos_all_test_ws/src/navigation2/nav2_costmap_2d/src/costmap_2d_ros.cpp	/home/shuochen/learning/mos_all_test_ws/src/navigation2/nav2_costmap_2d/src/costmap_2d_ros.cpp
code/mos_all_test_ws/src/navigation2/nav2_costmap_2d/src/costmap_layer.cpp	/home/shuochen/learning/mos_all_test_ws/src/navigation2/nav2_costmap_2d/src/costmap_layer.cpp
code/mos_all_test_ws/src/navigation2/nav2_costmap_2d/src/costmap_math.cpp	/home/shuochen/learning/mos_all_test_ws/src/navigation2/nav2_costmap_2d/src/costmap_math.cpp
code/mos_all_test_ws/src/navigation2/nav2_costmap_2d/src/costmap_subscriber.cpp	/home/shuochen/learning/mos_all_test_ws/src/navigation2/nav2_costmap_2d/src/costmap_subscriber.cpp
code/mos_all_test_ws/src/navigation2/nav2_costmap_2d/src/costmap_topic_collision_checker.cpp	/home/shuochen/learning/mos_all_test_ws/src/navigation2/nav2_costmap_2d/src/costmap_topic_collision_checker.cpp
code/mos_all_test_ws/src/navigation2/nav2_costmap_2d/src/footprint.cpp	/home/shuochen/learning/mos_all_test_ws/src/navigation2/nav2_costmap_2d/src/footprint.cpp
code/mos_all_test_ws/src/navigation2/nav2_costmap_2d/src/footprint_collision_checker.cpp	/home/shuochen/learning/mos_all_test_ws/src/navigation2/nav2_costmap_2d/src/footprint_collision_checker.cpp
code/mos_all_test_ws/src/navigation2/nav2_costmap_2d/src/footprint_subscriber.cpp	/home/shuochen/learning/mos_all_test_ws/src/navigation2/nav2_costmap_2d/src/footprint_subscriber.cpp
code/mos_all_test_ws/src/navigation2/nav2_costmap_2d/src/layer.cpp	/home/shuochen/learning/mos_all_test_ws/src/navigation2/nav2_costmap_2d/src/layer.cpp
code/mos_all_test_ws/src/navigation2/nav2_costmap_2d/src/layered_costmap.cpp	/home/shuochen/learning/mos_all_test_ws/src/navigation2/nav2_costmap_2d/src/layered_costmap.cpp
code/mos_all_test_ws/src/navigation2/nav2_costmap_2d/src/observation_buffer.cpp	/home/shuochen/learning/mos_all_test_ws/src/navigation2/nav2_costmap_2d/src/observation_buffer.cpp
code/mos_all_test_ws/src/navigation2/nav2_costmap_2d/test/CMakeLists.txt	/home/shuochen/learning/mos_all_test_ws/src/navigation2/nav2_costmap_2d/test/CMakeLists.txt
code/mos_all_test_ws/src/navigation2/nav2_costmap_2d/test/costmap_params.yaml	/home/shuochen/learning/mos_all_test_ws/src/navigation2/nav2_costmap_2d/test/costmap_params.yaml
code/mos_all_test_ws/src/navigation2/nav2_costmap_2d/test/integration/CMakeLists.txt	/home/shuochen/learning/mos_all_test_ws/src/navigation2/nav2_costmap_2d/test/integration/CMakeLists.txt
code/mos_all_test_ws/src/navigation2/nav2_costmap_2d/test/integration/costmap_tester.cpp	/home/shuochen/learning/mos_all_test_ws/src/navigation2/nav2_costmap_2d/test/integration/costmap_tester.cpp
code/mos_all_test_ws/src/navigation2/nav2_costmap_2d/test/integration/costmap_tests_launch.py	/home/shuochen/learning/mos_all_test_ws/src/navigation2/nav2_costmap_2d/test/integration/costmap_tests_launch.py
code/mos_all_test_ws/src/navigation2/nav2_costmap_2d/test/integration/dyn_params_tests.cpp	/home/shuochen/learning/mos_all_test_ws/src/navigation2/nav2_costmap_2d/test/integration/dyn_params_tests.cpp
code/mos_all_test_ws/src/navigation2/nav2_costmap_2d/test/integration/footprint_tests.cpp	/home/shuochen/learning/mos_all_test_ws/src/navigation2/nav2_costmap_2d/test/integration/footprint_tests.cpp
code/mos_all_test_ws/src/navigation2/nav2_costmap_2d/test/integration/inflation_tests.cpp	/home/shuochen/learning/mos_all_test_ws/src/navigation2/nav2_costmap_2d/test/integration/inflation_tests.cpp
code/mos_all_test_ws/src/navigation2/nav2_costmap_2d/test/integration/obstacle_tests.cpp	/home/shuochen/learning/mos_all_test_ws/src/navigation2/nav2_costmap_2d/test/integration/obstacle_tests.cpp
code/mos_all_test_ws/src/navigation2/nav2_costmap_2d/test/integration/range_tests.cpp	/home/shuochen/learning/mos_all_test_ws/src/navigation2/nav2_costmap_2d/test/integration/range_tests.cpp
code/mos_all_test_ws/src/navigation2/nav2_costmap_2d/test/integration/test_costmap_topic_collision_checker.cpp	/home/shuochen/learning/mos_all_test_ws/src/navigation2/nav2_costmap_2d/test/integration/test_costmap_topic_collision_checker.cpp
code/mos_all_test_ws/src/navigation2/nav2_costmap_2d/test/map/TenByTen.pgm	/home/shuochen/learning/mos_all_test_ws/src/navigation2/nav2_costmap_2d/test/map/TenByTen.pgm
code/mos_all_test_ws/src/navigation2/nav2_costmap_2d/test/map/TenByTen.yaml	/home/shuochen/learning/mos_all_test_ws/src/navigation2/nav2_costmap_2d/test/map/TenByTen.yaml
code/mos_all_test_ws/src/navigation2/nav2_costmap_2d/test/module_tests.cpp	/home/shuochen/learning/mos_all_test_ws/src/navigation2/nav2_costmap_2d/test/module_tests.cpp
code/mos_all_test_ws/src/navigation2/nav2_costmap_2d/test/regression/CMakeLists.txt	/home/shuochen/learning/mos_all_test_ws/src/navigation2/nav2_costmap_2d/test/regression/CMakeLists.txt
code/mos_all_test_ws/src/navigation2/nav2_costmap_2d/test/regression/costmap_bresenham_2d.cpp	/home/shuochen/learning/mos_all_test_ws/src/navigation2/nav2_costmap_2d/test/regression/costmap_bresenham_2d.cpp
code/mos_all_test_ws/src/navigation2/nav2_costmap_2d/test/regression/order_layer.cpp	/home/shuochen/learning/mos_all_test_ws/src/navigation2/nav2_costmap_2d/test/regression/order_layer.cpp
code/mos_all_test_ws/src/navigation2/nav2_costmap_2d/test/regression/order_layer.hpp	/home/shuochen/learning/mos_all_test_ws/src/navigation2/nav2_costmap_2d/test/regression/order_layer.hpp
code/mos_all_test_ws/src/navigation2/nav2_costmap_2d/test/regression/order_layer.xml	/home/shuochen/learning/mos_all_test_ws/src/navigation2/nav2_costmap_2d/test/regression/order_layer.xml
code/mos_all_test_ws/src/navigation2/nav2_costmap_2d/test/regression/plugin_api_order.cpp	/home/shuochen/learning/mos_all_test_ws/src/navigation2/nav2_costmap_2d/test/regression/plugin_api_order.cpp
code/mos_all_test_ws/src/navigation2/nav2_costmap_2d/test/simple_driving_test.xml	/home/shuochen/learning/mos_all_test_ws/src/navigation2/nav2_costmap_2d/test/simple_driving_test.xml
code/mos_all_test_ws/src/navigation2/nav2_costmap_2d/test/test_launch_files/costmap_map_server.launch.py	/home/shuochen/learning/mos_all_test_ws/src/navigation2/nav2_costmap_2d/test/test_launch_files/costmap_map_server.launch.py
code/mos_all_test_ws/src/navigation2/nav2_costmap_2d/test/testing_helper.hpp	/home/shuochen/learning/mos_all_test_ws/src/navigation2/nav2_costmap_2d/test/testing_helper.hpp
code/mos_all_test_ws/src/navigation2/nav2_costmap_2d/test/unit/CMakeLists.txt	/home/shuochen/learning/mos_all_test_ws/src/navigation2/nav2_costmap_2d/test/unit/CMakeLists.txt
code/mos_all_test_ws/src/navigation2/nav2_costmap_2d/test/unit/array_parser_test.cpp	/home/shuochen/learning/mos_all_test_ws/src/navigation2/nav2_costmap_2d/test/unit/array_parser_test.cpp
code/mos_all_test_ws/src/navigation2/nav2_costmap_2d/test/unit/binary_filter_test.cpp	/home/shuochen/learning/mos_all_test_ws/src/navigation2/nav2_costmap_2d/test/unit/binary_filter_test.cpp
code/mos_all_test_ws/src/navigation2/nav2_costmap_2d/test/unit/copy_window_test.cpp	/home/shuochen/learning/mos_all_test_ws/src/navigation2/nav2_costmap_2d/test/unit/copy_window_test.cpp
code/mos_all_test_ws/src/navigation2/nav2_costmap_2d/test/unit/costmap_conversion_test.cpp	/home/shuochen/learning/mos_all_test_ws/src/navigation2/nav2_costmap_2d/test/unit/costmap_conversion_test.cpp
code/mos_all_test_ws/src/navigation2/nav2_costmap_2d/test/unit/costmap_filter_service_test.cpp	/home/shuochen/learning/mos_all_test_ws/src/navigation2/nav2_costmap_2d/test/unit/costmap_filter_service_test.cpp
code/mos_all_test_ws/src/navigation2/nav2_costmap_2d/test/unit/costmap_filter_test.cpp	/home/shuochen/learning/mos_all_test_ws/src/navigation2/nav2_costmap_2d/test/unit/costmap_filter_test.cpp
code/mos_all_test_ws/src/navigation2/nav2_costmap_2d/test/unit/declare_parameter_test.cpp	/home/shuochen/learning/mos_all_test_ws/src/navigation2/nav2_costmap_2d/test/unit/declare_parameter_test.cpp
code/mos_all_test_ws/src/navigation2/nav2_costmap_2d/test/unit/denoise_layer_test.cpp	/home/shuochen/learning/mos_all_test_ws/src/navigation2/nav2_costmap_2d/test/unit/denoise_layer_test.cpp
code/mos_all_test_ws/src/navigation2/nav2_costmap_2d/test/unit/footprint_collision_checker_test.cpp	/home/shuochen/learning/mos_all_test_ws/src/navigation2/nav2_costmap_2d/test/unit/footprint_collision_checker_test.cpp
code/mos_all_test_ws/src/navigation2/nav2_costmap_2d/test/unit/image_processing_test.cpp	/home/shuochen/learning/mos_all_test_ws/src/navigation2/nav2_costmap_2d/test/unit/image_processing_test.cpp
code/mos_all_test_ws/src/navigation2/nav2_costmap_2d/test/unit/image_test.cpp	/home/shuochen/learning/mos_all_test_ws/src/navigation2/nav2_costmap_2d/test/unit/image_test.cpp
code/mos_all_test_ws/src/navigation2/nav2_costmap_2d/test/unit/image_tests_helper.hpp	/home/shuochen/learning/mos_all_test_ws/src/navigation2/nav2_costmap_2d/test/unit/image_tests_helper.hpp
code/mos_all_test_ws/src/navigation2/nav2_costmap_2d/test/unit/keepout_filter_test.cpp	/home/shuochen/learning/mos_all_test_ws/src/navigation2/nav2_costmap_2d/test/unit/keepout_filter_test.cpp
code/mos_all_test_ws/src/navigation2/nav2_costmap_2d/test/unit/keepout_filter_test.jpg	/home/shuochen/learning/mos_all_test_ws/src/navigation2/nav2_costmap_2d/test/unit/keepout_filter_test.jpg
code/mos_all_test_ws/src/navigation2/nav2_costmap_2d/test/unit/lifecycle_test.cpp	/home/shuochen/learning/mos_all_test_ws/src/navigation2/nav2_costmap_2d/test/unit/lifecycle_test.cpp
code/mos_all_test_ws/src/navigation2/nav2_costmap_2d/test/unit/obstacle_layer_test.cpp	/home/shuochen/learning/mos_all_test_ws/src/navigation2/nav2_costmap_2d/test/unit/obstacle_layer_test.cpp
code/mos_all_test_ws/src/navigation2/nav2_costmap_2d/test/unit/speed_filter_test.cpp	/home/shuochen/learning/mos_all_test_ws/src/navigation2/nav2_costmap_2d/test/unit/speed_filter_test.cpp
code/mos_all_test_ws/src/navigation2/nav2_dwb_controller/README.md	/home/shuochen/learning/mos_all_test_ws/src/navigation2/nav2_dwb_controller/README.md
code/mos_all_test_ws/src/navigation2/nav2_dwb_controller/costmap_queue/CMakeLists.txt	/home/shuochen/learning/mos_all_test_ws/src/navigation2/nav2_dwb_controller/costmap_queue/CMakeLists.txt
code/mos_all_test_ws/src/navigation2/nav2_dwb_controller/costmap_queue/include/costmap_queue/costmap_queue.hpp	/home/shuochen/learning/mos_all_test_ws/src/navigation2/nav2_dwb_controller/costmap_queue/include/costmap_queue/costmap_queue.hpp
code/mos_all_test_ws/src/navigation2/nav2_dwb_controller/costmap_queue/include/costmap_queue/limited_costmap_queue.hpp	/home/shuochen/learning/mos_all_test_ws/src/navigation2/nav2_dwb_controller/costmap_queue/include/costmap_queue/limited_costmap_queue.hpp
code/mos_all_test_ws/src/navigation2/nav2_dwb_controller/costmap_queue/include/costmap_queue/map_based_queue.hpp	/home/shuochen/learning/mos_all_test_ws/src/navigation2/nav2_dwb_controller/costmap_queue/include/costmap_queue/map_based_queue.hpp
code/mos_all_test_ws/src/navigation2/nav2_dwb_controller/costmap_queue/package.xml	/home/shuochen/learning/mos_all_test_ws/src/navigation2/nav2_dwb_controller/costmap_queue/package.xml
code/mos_all_test_ws/src/navigation2/nav2_dwb_controller/costmap_queue/src/costmap_queue.cpp	/home/shuochen/learning/mos_all_test_ws/src/navigation2/nav2_dwb_controller/costmap_queue/src/costmap_queue.cpp
code/mos_all_test_ws/src/navigation2/nav2_dwb_controller/costmap_queue/src/limited_costmap_queue.cpp	/home/shuochen/learning/mos_all_test_ws/src/navigation2/nav2_dwb_controller/costmap_queue/src/limited_costmap_queue.cpp
code/mos_all_test_ws/src/navigation2/nav2_dwb_controller/costmap_queue/test/mbq_test.cpp	/home/shuochen/learning/mos_all_test_ws/src/navigation2/nav2_dwb_controller/costmap_queue/test/mbq_test.cpp
code/mos_all_test_ws/src/navigation2/nav2_dwb_controller/costmap_queue/test/utest.cpp	/home/shuochen/learning/mos_all_test_ws/src/navigation2/nav2_dwb_controller/costmap_queue/test/utest.cpp
code/mos_all_test_ws/src/navigation2/nav2_dwb_controller/dwb_core/CMakeLists.txt	/home/shuochen/learning/mos_all_test_ws/src/navigation2/nav2_dwb_controller/dwb_core/CMakeLists.txt
code/mos_all_test_ws/src/navigation2/nav2_dwb_controller/dwb_core/include/dwb_core/dwb_local_planner.hpp	/home/shuochen/learning/mos_all_test_ws/src/navigation2/nav2_dwb_controller/dwb_core/include/dwb_core/dwb_local_planner.hpp
code/mos_all_test_ws/src/navigation2/nav2_dwb_controller/dwb_core/include/dwb_core/exceptions.hpp	/home/shuochen/learning/mos_all_test_ws/src/navigation2/nav2_dwb_controller/dwb_core/include/dwb_core/exceptions.hpp
code/mos_all_test_ws/src/navigation2/nav2_dwb_controller/dwb_core/include/dwb_core/illegal_trajectory_tracker.hpp	/home/shuochen/learning/mos_all_test_ws/src/navigation2/nav2_dwb_controller/dwb_core/include/dwb_core/illegal_trajectory_tracker.hpp
code/mos_all_test_ws/src/navigation2/nav2_dwb_controller/dwb_core/include/dwb_core/publisher.hpp	/home/shuochen/learning/mos_all_test_ws/src/navigation2/nav2_dwb_controller/dwb_core/include/dwb_core/publisher.hpp
code/mos_all_test_ws/src/navigation2/nav2_dwb_controller/dwb_core/include/dwb_core/trajectory_critic.hpp	/home/shuochen/learning/mos_all_test_ws/src/navigation2/nav2_dwb_controller/dwb_core/include/dwb_core/trajectory_critic.hpp
code/mos_all_test_ws/src/navigation2/nav2_dwb_controller/dwb_core/include/dwb_core/trajectory_generator.hpp	/home/shuochen/learning/mos_all_test_ws/src/navigation2/nav2_dwb_controller/dwb_core/include/dwb_core/trajectory_generator.hpp
code/mos_all_test_ws/src/navigation2/nav2_dwb_controller/dwb_core/include/dwb_core/trajectory_utils.hpp	/home/shuochen/learning/mos_all_test_ws/src/navigation2/nav2_dwb_controller/dwb_core/include/dwb_core/trajectory_utils.hpp
code/mos_all_test_ws/src/navigation2/nav2_dwb_controller/dwb_core/local_planner_plugin.xml	/home/shuochen/learning/mos_all_test_ws/src/navigation2/nav2_dwb_controller/dwb_core/local_planner_plugin.xml
code/mos_all_test_ws/src/navigation2/nav2_dwb_controller/dwb_core/package.xml	/home/shuochen/learning/mos_all_test_ws/src/navigation2/nav2_dwb_controller/dwb_core/package.xml
code/mos_all_test_ws/src/navigation2/nav2_dwb_controller/dwb_core/src/dwb_local_planner.cpp	/home/shuochen/learning/mos_all_test_ws/src/navigation2/nav2_dwb_controller/dwb_core/src/dwb_local_planner.cpp
code/mos_all_test_ws/src/navigation2/nav2_dwb_controller/dwb_core/src/illegal_trajectory_tracker.cpp	/home/shuochen/learning/mos_all_test_ws/src/navigation2/nav2_dwb_controller/dwb_core/src/illegal_trajectory_tracker.cpp
code/mos_all_test_ws/src/navigation2/nav2_dwb_controller/dwb_core/src/publisher.cpp	/home/shuochen/learning/mos_all_test_ws/src/navigation2/nav2_dwb_controller/dwb_core/src/publisher.cpp
code/mos_all_test_ws/src/navigation2/nav2_dwb_controller/dwb_core/src/trajectory_utils.cpp	/home/shuochen/learning/mos_all_test_ws/src/navigation2/nav2_dwb_controller/dwb_core/src/trajectory_utils.cpp
code/mos_all_test_ws/src/navigation2/nav2_dwb_controller/dwb_core/test/CMakeLists.txt	/home/shuochen/learning/mos_all_test_ws/src/navigation2/nav2_dwb_controller/dwb_core/test/CMakeLists.txt
code/mos_all_test_ws/src/navigation2/nav2_dwb_controller/dwb_core/test/utils_test.cpp	/home/shuochen/learning/mos_all_test_ws/src/navigation2/nav2_dwb_controller/dwb_core/test/utils_test.cpp
code/mos_all_test_ws/src/navigation2/nav2_dwb_controller/dwb_critics/CMakeLists.txt	/home/shuochen/learning/mos_all_test_ws/src/navigation2/nav2_dwb_controller/dwb_critics/CMakeLists.txt
code/mos_all_test_ws/src/navigation2/nav2_dwb_controller/dwb_critics/default_critics.xml	/home/shuochen/learning/mos_all_test_ws/src/navigation2/nav2_dwb_controller/dwb_critics/default_critics.xml
code/mos_all_test_ws/src/navigation2/nav2_dwb_controller/dwb_critics/include/dwb_critics/alignment_util.hpp	/home/shuochen/learning/mos_all_test_ws/src/navigation2/nav2_dwb_controller/dwb_critics/include/dwb_critics/alignment_util.hpp
code/mos_all_test_ws/src/navigation2/nav2_dwb_controller/dwb_critics/include/dwb_critics/base_obstacle.hpp	/home/shuochen/learning/mos_all_test_ws/src/navigation2/nav2_dwb_controller/dwb_critics/include/dwb_critics/base_obstacle.hpp
code/mos_all_test_ws/src/navigation2/nav2_dwb_controller/dwb_critics/include/dwb_critics/goal_align.hpp	/home/shuochen/learning/mos_all_test_ws/src/navigation2/nav2_dwb_controller/dwb_critics/include/dwb_critics/goal_align.hpp
code/mos_all_test_ws/src/navigation2/nav2_dwb_controller/dwb_critics/include/dwb_critics/goal_dist.hpp	/home/shuochen/learning/mos_all_test_ws/src/navigation2/nav2_dwb_controller/dwb_critics/include/dwb_critics/goal_dist.hpp
code/mos_all_test_ws/src/navigation2/nav2_dwb_controller/dwb_critics/include/dwb_critics/line_iterator.hpp	/home/shuochen/learning/mos_all_test_ws/src/navigation2/nav2_dwb_controller/dwb_critics/include/dwb_critics/line_iterator.hpp
code/mos_all_test_ws/src/navigation2/nav2_dwb_controller/dwb_critics/include/dwb_critics/map_grid.hpp	/home/shuochen/learning/mos_all_test_ws/src/navigation2/nav2_dwb_controller/dwb_critics/include/dwb_critics/map_grid.hpp
code/mos_all_test_ws/src/navigation2/nav2_dwb_controller/dwb_critics/include/dwb_critics/obstacle_footprint.hpp	/home/shuochen/learning/mos_all_test_ws/src/navigation2/nav2_dwb_controller/dwb_critics/include/dwb_critics/obstacle_footprint.hpp
code/mos_all_test_ws/src/navigation2/nav2_dwb_controller/dwb_critics/include/dwb_critics/oscillation.hpp	/home/shuochen/learning/mos_all_test_ws/src/navigation2/nav2_dwb_controller/dwb_critics/include/dwb_critics/oscillation.hpp
code/mos_all_test_ws/src/navigation2/nav2_dwb_controller/dwb_critics/include/dwb_critics/path_align.hpp	/home/shuochen/learning/mos_all_test_ws/src/navigation2/nav2_dwb_controller/dwb_critics/include/dwb_critics/path_align.hpp
code/mos_all_test_ws/src/navigation2/nav2_dwb_controller/dwb_critics/include/dwb_critics/path_dist.hpp	/home/shuochen/learning/mos_all_test_ws/src/navigation2/nav2_dwb_controller/dwb_critics/include/dwb_critics/path_dist.hpp
code/mos_all_test_ws/src/navigation2/nav2_dwb_controller/dwb_critics/include/dwb_critics/prefer_forward.hpp	/home/shuochen/learning/mos_all_test_ws/src/navigation2/nav2_dwb_controller/dwb_critics/include/dwb_critics/prefer_forward.hpp
code/mos_all_test_ws/src/navigation2/nav2_dwb_controller/dwb_critics/include/dwb_critics/rotate_to_goal.hpp	/home/shuochen/learning/mos_all_test_ws/src/navigation2/nav2_dwb_controller/dwb_critics/include/dwb_critics/rotate_to_goal.hpp
code/mos_all_test_ws/src/navigation2/nav2_dwb_controller/dwb_critics/include/dwb_critics/twirling.hpp	/home/shuochen/learning/mos_all_test_ws/src/navigation2/nav2_dwb_controller/dwb_critics/include/dwb_critics/twirling.hpp
code/mos_all_test_ws/src/navigation2/nav2_dwb_controller/dwb_critics/package.xml	/home/shuochen/learning/mos_all_test_ws/src/navigation2/nav2_dwb_controller/dwb_critics/package.xml
code/mos_all_test_ws/src/navigation2/nav2_dwb_controller/dwb_critics/src/alignment_util.cpp	/home/shuochen/learning/mos_all_test_ws/src/navigation2/nav2_dwb_controller/dwb_critics/src/alignment_util.cpp
code/mos_all_test_ws/src/navigation2/nav2_dwb_controller/dwb_critics/src/base_obstacle.cpp	/home/shuochen/learning/mos_all_test_ws/src/navigation2/nav2_dwb_controller/dwb_critics/src/base_obstacle.cpp
code/mos_all_test_ws/src/navigation2/nav2_dwb_controller/dwb_critics/src/goal_align.cpp	/home/shuochen/learning/mos_all_test_ws/src/navigation2/nav2_dwb_controller/dwb_critics/src/goal_align.cpp
code/mos_all_test_ws/src/navigation2/nav2_dwb_controller/dwb_critics/src/goal_dist.cpp	/home/shuochen/learning/mos_all_test_ws/src/navigation2/nav2_dwb_controller/dwb_critics/src/goal_dist.cpp
code/mos_all_test_ws/src/navigation2/nav2_dwb_controller/dwb_critics/src/map_grid.cpp	/home/shuochen/learning/mos_all_test_ws/src/navigation2/nav2_dwb_controller/dwb_critics/src/map_grid.cpp
code/mos_all_test_ws/src/navigation2/nav2_dwb_controller/dwb_critics/src/obstacle_footprint.cpp	/home/shuochen/learning/mos_all_test_ws/src/navigation2/nav2_dwb_controller/dwb_critics/src/obstacle_footprint.cpp
code/mos_all_test_ws/src/navigation2/nav2_dwb_controller/dwb_critics/src/oscillation.cpp	/home/shuochen/learning/mos_all_test_ws/src/navigation2/nav2_dwb_controller/dwb_critics/src/oscillation.cpp
code/mos_all_test_ws/src/navigation2/nav2_dwb_controller/dwb_critics/src/path_align.cpp	/home/shuochen/learning/mos_all_test_ws/src/navigation2/nav2_dwb_controller/dwb_critics/src/path_align.cpp
code/mos_all_test_ws/src/navigation2/nav2_dwb_controller/dwb_critics/src/path_dist.cpp	/home/shuochen/learning/mos_all_test_ws/src/navigation2/nav2_dwb_controller/dwb_critics/src/path_dist.cpp
code/mos_all_test_ws/src/navigation2/nav2_dwb_controller/dwb_critics/src/prefer_forward.cpp	/home/shuochen/learning/mos_all_test_ws/src/navigation2/nav2_dwb_controller/dwb_critics/src/prefer_forward.cpp
code/mos_all_test_ws/src/navigation2/nav2_dwb_controller/dwb_critics/src/rotate_to_goal.cpp	/home/shuochen/learning/mos_all_test_ws/src/navigation2/nav2_dwb_controller/dwb_critics/src/rotate_to_goal.cpp
code/mos_all_test_ws/src/navigation2/nav2_dwb_controller/dwb_critics/src/twirling.cpp	/home/shuochen/learning/mos_all_test_ws/src/navigation2/nav2_dwb_controller/dwb_critics/src/twirling.cpp
code/mos_all_test_ws/src/navigation2/nav2_dwb_controller/dwb_critics/test/CMakeLists.txt	/home/shuochen/learning/mos_all_test_ws/src/navigation2/nav2_dwb_controller/dwb_critics/test/CMakeLists.txt
code/mos_all_test_ws/src/navigation2/nav2_dwb_controller/dwb_critics/test/alignment_util_test.cpp	/home/shuochen/learning/mos_all_test_ws/src/navigation2/nav2_dwb_controller/dwb_critics/test/alignment_util_test.cpp
code/mos_all_test_ws/src/navigation2/nav2_dwb_controller/dwb_critics/test/base_obstacle_test.cpp	/home/shuochen/learning/mos_all_test_ws/src/navigation2/nav2_dwb_controller/dwb_critics/test/base_obstacle_test.cpp
code/mos_all_test_ws/src/navigation2/nav2_dwb_controller/dwb_critics/test/obstacle_footprint_test.cpp	/home/shuochen/learning/mos_all_test_ws/src/navigation2/nav2_dwb_controller/dwb_critics/test/obstacle_footprint_test.cpp
code/mos_all_test_ws/src/navigation2/nav2_dwb_controller/dwb_critics/test/prefer_forward_test.cpp	/home/shuochen/learning/mos_all_test_ws/src/navigation2/nav2_dwb_controller/dwb_critics/test/prefer_forward_test.cpp
code/mos_all_test_ws/src/navigation2/nav2_dwb_controller/dwb_critics/test/twirling_test.cpp	/home/shuochen/learning/mos_all_test_ws/src/navigation2/nav2_dwb_controller/dwb_critics/test/twirling_test.cpp
code/mos_all_test_ws/src/navigation2/nav2_dwb_controller/dwb_msgs/CMakeLists.txt	/home/shuochen/learning/mos_all_test_ws/src/navigation2/nav2_dwb_controller/dwb_msgs/CMakeLists.txt
code/mos_all_test_ws/src/navigation2/nav2_dwb_controller/dwb_msgs/msg/CriticScore.msg	/home/shuochen/learning/mos_all_test_ws/src/navigation2/nav2_dwb_controller/dwb_msgs/msg/CriticScore.msg
code/mos_all_test_ws/src/navigation2/nav2_dwb_controller/dwb_msgs/msg/LocalPlanEvaluation.msg	/home/shuochen/learning/mos_all_test_ws/src/navigation2/nav2_dwb_controller/dwb_msgs/msg/LocalPlanEvaluation.msg
code/mos_all_test_ws/src/navigation2/nav2_dwb_controller/dwb_msgs/msg/Trajectory2D.msg	/home/shuochen/learning/mos_all_test_ws/src/navigation2/nav2_dwb_controller/dwb_msgs/msg/Trajectory2D.msg
code/mos_all_test_ws/src/navigation2/nav2_dwb_controller/dwb_msgs/msg/TrajectoryScore.msg	/home/shuochen/learning/mos_all_test_ws/src/navigation2/nav2_dwb_controller/dwb_msgs/msg/TrajectoryScore.msg
code/mos_all_test_ws/src/navigation2/nav2_dwb_controller/dwb_msgs/package.xml	/home/shuochen/learning/mos_all_test_ws/src/navigation2/nav2_dwb_controller/dwb_msgs/package.xml
code/mos_all_test_ws/src/navigation2/nav2_dwb_controller/dwb_msgs/srv/DebugLocalPlan.srv	/home/shuochen/learning/mos_all_test_ws/src/navigation2/nav2_dwb_controller/dwb_msgs/srv/DebugLocalPlan.srv
code/mos_all_test_ws/src/navigation2/nav2_dwb_controller/dwb_msgs/srv/GenerateTrajectory.srv	/home/shuochen/learning/mos_all_test_ws/src/navigation2/nav2_dwb_controller/dwb_msgs/srv/GenerateTrajectory.srv
code/mos_all_test_ws/src/navigation2/nav2_dwb_controller/dwb_msgs/srv/GenerateTwists.srv	/home/shuochen/learning/mos_all_test_ws/src/navigation2/nav2_dwb_controller/dwb_msgs/srv/GenerateTwists.srv
code/mos_all_test_ws/src/navigation2/nav2_dwb_controller/dwb_msgs/srv/GetCriticScore.srv	/home/shuochen/learning/mos_all_test_ws/src/navigation2/nav2_dwb_controller/dwb_msgs/srv/GetCriticScore.srv
code/mos_all_test_ws/src/navigation2/nav2_dwb_controller/dwb_msgs/srv/ScoreTrajectory.srv	/home/shuochen/learning/mos_all_test_ws/src/navigation2/nav2_dwb_controller/dwb_msgs/srv/ScoreTrajectory.srv
code/mos_all_test_ws/src/navigation2/nav2_dwb_controller/dwb_plugins/CMakeLists.txt	/home/shuochen/learning/mos_all_test_ws/src/navigation2/nav2_dwb_controller/dwb_plugins/CMakeLists.txt
code/mos_all_test_ws/src/navigation2/nav2_dwb_controller/dwb_plugins/include/dwb_plugins/kinematic_parameters.hpp	/home/shuochen/learning/mos_all_test_ws/src/navigation2/nav2_dwb_controller/dwb_plugins/include/dwb_plugins/kinematic_parameters.hpp
code/mos_all_test_ws/src/navigation2/nav2_dwb_controller/dwb_plugins/include/dwb_plugins/limited_accel_generator.hpp	/home/shuochen/learning/mos_all_test_ws/src/navigation2/nav2_dwb_controller/dwb_plugins/include/dwb_plugins/limited_accel_generator.hpp
code/mos_all_test_ws/src/navigation2/nav2_dwb_controller/dwb_plugins/include/dwb_plugins/one_d_velocity_iterator.hpp	/home/shuochen/learning/mos_all_test_ws/src/navigation2/nav2_dwb_controller/dwb_plugins/include/dwb_plugins/one_d_velocity_iterator.hpp
code/mos_all_test_ws/src/navigation2/nav2_dwb_controller/dwb_plugins/include/dwb_plugins/standard_traj_generator.hpp	/home/shuochen/learning/mos_all_test_ws/src/navigation2/nav2_dwb_controller/dwb_plugins/include/dwb_plugins/standard_traj_generator.hpp
code/mos_all_test_ws/src/navigation2/nav2_dwb_controller/dwb_plugins/include/dwb_plugins/velocity_iterator.hpp	/home/shuochen/learning/mos_all_test_ws/src/navigation2/nav2_dwb_controller/dwb_plugins/include/dwb_plugins/velocity_iterator.hpp
code/mos_all_test_ws/src/navigation2/nav2_dwb_controller/dwb_plugins/include/dwb_plugins/xy_theta_iterator.hpp	/home/shuochen/learning/mos_all_test_ws/src/navigation2/nav2_dwb_controller/dwb_plugins/include/dwb_plugins/xy_theta_iterator.hpp
code/mos_all_test_ws/src/navigation2/nav2_dwb_controller/dwb_plugins/package.xml	/home/shuochen/learning/mos_all_test_ws/src/navigation2/nav2_dwb_controller/dwb_plugins/package.xml
code/mos_all_test_ws/src/navigation2/nav2_dwb_controller/dwb_plugins/plugins.xml	/home/shuochen/learning/mos_all_test_ws/src/navigation2/nav2_dwb_controller/dwb_plugins/plugins.xml
code/mos_all_test_ws/src/navigation2/nav2_dwb_controller/dwb_plugins/src/kinematic_parameters.cpp	/home/shuochen/learning/mos_all_test_ws/src/navigation2/nav2_dwb_controller/dwb_plugins/src/kinematic_parameters.cpp
code/mos_all_test_ws/src/navigation2/nav2_dwb_controller/dwb_plugins/src/limited_accel_generator.cpp	/home/shuochen/learning/mos_all_test_ws/src/navigation2/nav2_dwb_controller/dwb_plugins/src/limited_accel_generator.cpp
code/mos_all_test_ws/src/navigation2/nav2_dwb_controller/dwb_plugins/src/standard_traj_generator.cpp	/home/shuochen/learning/mos_all_test_ws/src/navigation2/nav2_dwb_controller/dwb_plugins/src/standard_traj_generator.cpp
code/mos_all_test_ws/src/navigation2/nav2_dwb_controller/dwb_plugins/src/xy_theta_iterator.cpp	/home/shuochen/learning/mos_all_test_ws/src/navigation2/nav2_dwb_controller/dwb_plugins/src/xy_theta_iterator.cpp
code/mos_all_test_ws/src/navigation2/nav2_dwb_controller/dwb_plugins/test/CMakeLists.txt	/home/shuochen/learning/mos_all_test_ws/src/navigation2/nav2_dwb_controller/dwb_plugins/test/CMakeLists.txt
code/mos_all_test_ws/src/navigation2/nav2_dwb_controller/dwb_plugins/test/kinematic_parameters_test.cpp	/home/shuochen/learning/mos_all_test_ws/src/navigation2/nav2_dwb_controller/dwb_plugins/test/kinematic_parameters_test.cpp
code/mos_all_test_ws/src/navigation2/nav2_dwb_controller/dwb_plugins/test/speed_limit_test.cpp	/home/shuochen/learning/mos_all_test_ws/src/navigation2/nav2_dwb_controller/dwb_plugins/test/speed_limit_test.cpp
code/mos_all_test_ws/src/navigation2/nav2_dwb_controller/dwb_plugins/test/twist_gen.cpp	/home/shuochen/learning/mos_all_test_ws/src/navigation2/nav2_dwb_controller/dwb_plugins/test/twist_gen.cpp
code/mos_all_test_ws/src/navigation2/nav2_dwb_controller/dwb_plugins/test/velocity_iterator_test.cpp	/home/shuochen/learning/mos_all_test_ws/src/navigation2/nav2_dwb_controller/dwb_plugins/test/velocity_iterator_test.cpp
code/mos_all_test_ws/src/navigation2/nav2_dwb_controller/images/DWB_Structure_Simplified.svg	/home/shuochen/learning/mos_all_test_ws/src/navigation2/nav2_dwb_controller/images/DWB_Structure_Simplified.svg
code/mos_all_test_ws/src/navigation2/nav2_dwb_controller/images/LocalPlanner.svg	/home/shuochen/learning/mos_all_test_ws/src/navigation2/nav2_dwb_controller/images/LocalPlanner.svg
code/mos_all_test_ws/src/navigation2/nav2_dwb_controller/nav2_dwb_controller/CHANGELOG.rst	/home/shuochen/learning/mos_all_test_ws/src/navigation2/nav2_dwb_controller/nav2_dwb_controller/CHANGELOG.rst
code/mos_all_test_ws/src/navigation2/nav2_dwb_controller/nav2_dwb_controller/CMakeLists.txt	/home/shuochen/learning/mos_all_test_ws/src/navigation2/nav2_dwb_controller/nav2_dwb_controller/CMakeLists.txt
code/mos_all_test_ws/src/navigation2/nav2_dwb_controller/nav2_dwb_controller/package.xml	/home/shuochen/learning/mos_all_test_ws/src/navigation2/nav2_dwb_controller/nav2_dwb_controller/package.xml
code/mos_all_test_ws/src/navigation2/nav2_dwb_controller/nav_2d_msgs/CMakeLists.txt	/home/shuochen/learning/mos_all_test_ws/src/navigation2/nav2_dwb_controller/nav_2d_msgs/CMakeLists.txt
code/mos_all_test_ws/src/navigation2/nav2_dwb_controller/nav_2d_msgs/msg/Path2D.msg	/home/shuochen/learning/mos_all_test_ws/src/navigation2/nav2_dwb_controller/nav_2d_msgs/msg/Path2D.msg
code/mos_all_test_ws/src/navigation2/nav2_dwb_controller/nav_2d_msgs/msg/Pose2D32.msg	/home/shuochen/learning/mos_all_test_ws/src/navigation2/nav2_dwb_controller/nav_2d_msgs/msg/Pose2D32.msg
code/mos_all_test_ws/src/navigation2/nav2_dwb_controller/nav_2d_msgs/msg/Pose2DStamped.msg	/home/shuochen/learning/mos_all_test_ws/src/navigation2/nav2_dwb_controller/nav_2d_msgs/msg/Pose2DStamped.msg
code/mos_all_test_ws/src/navigation2/nav2_dwb_controller/nav_2d_msgs/msg/Twist2D.msg	/home/shuochen/learning/mos_all_test_ws/src/navigation2/nav2_dwb_controller/nav_2d_msgs/msg/Twist2D.msg
code/mos_all_test_ws/src/navigation2/nav2_dwb_controller/nav_2d_msgs/msg/Twist2D32.msg	/home/shuochen/learning/mos_all_test_ws/src/navigation2/nav2_dwb_controller/nav_2d_msgs/msg/Twist2D32.msg
code/mos_all_test_ws/src/navigation2/nav2_dwb_controller/nav_2d_msgs/msg/Twist2DStamped.msg	/home/shuochen/learning/mos_all_test_ws/src/navigation2/nav2_dwb_controller/nav_2d_msgs/msg/Twist2DStamped.msg
code/mos_all_test_ws/src/navigation2/nav2_dwb_controller/nav_2d_msgs/package.xml	/home/shuochen/learning/mos_all_test_ws/src/navigation2/nav2_dwb_controller/nav_2d_msgs/package.xml
code/mos_all_test_ws/src/navigation2/nav2_dwb_controller/nav_2d_utils/CMakeLists.txt	/home/shuochen/learning/mos_all_test_ws/src/navigation2/nav2_dwb_controller/nav_2d_utils/CMakeLists.txt
code/mos_all_test_ws/src/navigation2/nav2_dwb_controller/nav_2d_utils/include/nav_2d_utils/conversions.hpp	/home/shuochen/learning/mos_all_test_ws/src/navigation2/nav2_dwb_controller/nav_2d_utils/include/nav_2d_utils/conversions.hpp
code/mos_all_test_ws/src/navigation2/nav2_dwb_controller/nav_2d_utils/include/nav_2d_utils/odom_subscriber.hpp	/home/shuochen/learning/mos_all_test_ws/src/navigation2/nav2_dwb_controller/nav_2d_utils/include/nav_2d_utils/odom_subscriber.hpp
code/mos_all_test_ws/src/navigation2/nav2_dwb_controller/nav_2d_utils/include/nav_2d_utils/parameters.hpp	/home/shuochen/learning/mos_all_test_ws/src/navigation2/nav2_dwb_controller/nav_2d_utils/include/nav_2d_utils/parameters.hpp
code/mos_all_test_ws/src/navigation2/nav2_dwb_controller/nav_2d_utils/include/nav_2d_utils/path_ops.hpp	/home/shuochen/learning/mos_all_test_ws/src/navigation2/nav2_dwb_controller/nav_2d_utils/include/nav_2d_utils/path_ops.hpp
code/mos_all_test_ws/src/navigation2/nav2_dwb_controller/nav_2d_utils/include/nav_2d_utils/tf_help.hpp	/home/shuochen/learning/mos_all_test_ws/src/navigation2/nav2_dwb_controller/nav_2d_utils/include/nav_2d_utils/tf_help.hpp
code/mos_all_test_ws/src/navigation2/nav2_dwb_controller/nav_2d_utils/package.xml	/home/shuochen/learning/mos_all_test_ws/src/navigation2/nav2_dwb_controller/nav_2d_utils/package.xml
code/mos_all_test_ws/src/navigation2/nav2_dwb_controller/nav_2d_utils/src/conversions.cpp	/home/shuochen/learning/mos_all_test_ws/src/navigation2/nav2_dwb_controller/nav_2d_utils/src/conversions.cpp
code/mos_all_test_ws/src/navigation2/nav2_dwb_controller/nav_2d_utils/src/path_ops.cpp	/home/shuochen/learning/mos_all_test_ws/src/navigation2/nav2_dwb_controller/nav_2d_utils/src/path_ops.cpp
code/mos_all_test_ws/src/navigation2/nav2_dwb_controller/nav_2d_utils/src/tf_help.cpp	/home/shuochen/learning/mos_all_test_ws/src/navigation2/nav2_dwb_controller/nav_2d_utils/src/tf_help.cpp
code/mos_all_test_ws/src/navigation2/nav2_dwb_controller/nav_2d_utils/test/2d_utils_test.cpp	/home/shuochen/learning/mos_all_test_ws/src/navigation2/nav2_dwb_controller/nav_2d_utils/test/2d_utils_test.cpp
code/mos_all_test_ws/src/navigation2/nav2_dwb_controller/nav_2d_utils/test/CMakeLists.txt	/home/shuochen/learning/mos_all_test_ws/src/navigation2/nav2_dwb_controller/nav_2d_utils/test/CMakeLists.txt
code/mos_all_test_ws/src/navigation2/nav2_dwb_controller/nav_2d_utils/test/path_ops_test.cpp	/home/shuochen/learning/mos_all_test_ws/src/navigation2/nav2_dwb_controller/nav_2d_utils/test/path_ops_test.cpp
code/mos_all_test_ws/src/navigation2/nav2_dwb_controller/nav_2d_utils/test/tf_help_test.cpp	/home/shuochen/learning/mos_all_test_ws/src/navigation2/nav2_dwb_controller/nav_2d_utils/test/tf_help_test.cpp
code/mos_all_test_ws/src/navigation2/nav2_graceful_controller/CMakeLists.txt	/home/shuochen/learning/mos_all_test_ws/src/navigation2/nav2_graceful_controller/CMakeLists.txt
code/mos_all_test_ws/src/navigation2/nav2_graceful_controller/README.md	/home/shuochen/learning/mos_all_test_ws/src/navigation2/nav2_graceful_controller/README.md
code/mos_all_test_ws/src/navigation2/nav2_graceful_controller/doc/trajectories.png	/home/shuochen/learning/mos_all_test_ws/src/navigation2/nav2_graceful_controller/doc/trajectories.png
code/mos_all_test_ws/src/navigation2/nav2_graceful_controller/graceful_controller_plugin.xml	/home/shuochen/learning/mos_all_test_ws/src/navigation2/nav2_graceful_controller/graceful_controller_plugin.xml
code/mos_all_test_ws/src/navigation2/nav2_graceful_controller/include/nav2_graceful_controller/ego_polar_coords.hpp	/home/shuochen/learning/mos_all_test_ws/src/navigation2/nav2_graceful_controller/include/nav2_graceful_controller/ego_polar_coords.hpp
code/mos_all_test_ws/src/navigation2/nav2_graceful_controller/include/nav2_graceful_controller/graceful_controller.hpp	/home/shuochen/learning/mos_all_test_ws/src/navigation2/nav2_graceful_controller/include/nav2_graceful_controller/graceful_controller.hpp
code/mos_all_test_ws/src/navigation2/nav2_graceful_controller/include/nav2_graceful_controller/parameter_handler.hpp	/home/shuochen/learning/mos_all_test_ws/src/navigation2/nav2_graceful_controller/include/nav2_graceful_controller/parameter_handler.hpp
code/mos_all_test_ws/src/navigation2/nav2_graceful_controller/include/nav2_graceful_controller/path_handler.hpp	/home/shuochen/learning/mos_all_test_ws/src/navigation2/nav2_graceful_controller/include/nav2_graceful_controller/path_handler.hpp
code/mos_all_test_ws/src/navigation2/nav2_graceful_controller/include/nav2_graceful_controller/smooth_control_law.hpp	/home/shuochen/learning/mos_all_test_ws/src/navigation2/nav2_graceful_controller/include/nav2_graceful_controller/smooth_control_law.hpp
code/mos_all_test_ws/src/navigation2/nav2_graceful_controller/include/nav2_graceful_controller/utils.hpp	/home/shuochen/learning/mos_all_test_ws/src/navigation2/nav2_graceful_controller/include/nav2_graceful_controller/utils.hpp
code/mos_all_test_ws/src/navigation2/nav2_graceful_controller/package.xml	/home/shuochen/learning/mos_all_test_ws/src/navigation2/nav2_graceful_controller/package.xml
code/mos_all_test_ws/src/navigation2/nav2_graceful_controller/src/graceful_controller.cpp	/home/shuochen/learning/mos_all_test_ws/src/navigation2/nav2_graceful_controller/src/graceful_controller.cpp
code/mos_all_test_ws/src/navigation2/nav2_graceful_controller/src/parameter_handler.cpp	/home/shuochen/learning/mos_all_test_ws/src/navigation2/nav2_graceful_controller/src/parameter_handler.cpp
code/mos_all_test_ws/src/navigation2/nav2_graceful_controller/src/path_handler.cpp	/home/shuochen/learning/mos_all_test_ws/src/navigation2/nav2_graceful_controller/src/path_handler.cpp
code/mos_all_test_ws/src/navigation2/nav2_graceful_controller/src/smooth_control_law.cpp	/home/shuochen/learning/mos_all_test_ws/src/navigation2/nav2_graceful_controller/src/smooth_control_law.cpp
code/mos_all_test_ws/src/navigation2/nav2_graceful_controller/src/utils.cpp	/home/shuochen/learning/mos_all_test_ws/src/navigation2/nav2_graceful_controller/src/utils.cpp
code/mos_all_test_ws/src/navigation2/nav2_graceful_controller/test/CMakeLists.txt	/home/shuochen/learning/mos_all_test_ws/src/navigation2/nav2_graceful_controller/test/CMakeLists.txt
code/mos_all_test_ws/src/navigation2/nav2_graceful_controller/test/test_egopolar.cpp	/home/shuochen/learning/mos_all_test_ws/src/navigation2/nav2_graceful_controller/test/test_egopolar.cpp
code/mos_all_test_ws/src/navigation2/nav2_graceful_controller/test/test_graceful_controller.cpp	/home/shuochen/learning/mos_all_test_ws/src/navigation2/nav2_graceful_controller/test/test_graceful_controller.cpp
code/mos_all_test_ws/src/navigation2/nav2_lifecycle_manager/CHANGELOG.rst	/home/shuochen/learning/mos_all_test_ws/src/navigation2/nav2_lifecycle_manager/CHANGELOG.rst
code/mos_all_test_ws/src/navigation2/nav2_lifecycle_manager/CMakeLists.txt	/home/shuochen/learning/mos_all_test_ws/src/navigation2/nav2_lifecycle_manager/CMakeLists.txt
code/mos_all_test_ws/src/navigation2/nav2_lifecycle_manager/README.md	/home/shuochen/learning/mos_all_test_ws/src/navigation2/nav2_lifecycle_manager/README.md
code/mos_all_test_ws/src/navigation2/nav2_lifecycle_manager/doc/diagram_lifecycle_manager.JPG	/home/shuochen/learning/mos_all_test_ws/src/navigation2/nav2_lifecycle_manager/doc/diagram_lifecycle_manager.JPG
code/mos_all_test_ws/src/navigation2/nav2_lifecycle_manager/doc/uml_lifecycle_manager.JPG	/home/shuochen/learning/mos_all_test_ws/src/navigation2/nav2_lifecycle_manager/doc/uml_lifecycle_manager.JPG
code/mos_all_test_ws/src/navigation2/nav2_lifecycle_manager/include/nav2_lifecycle_manager/lifecycle_manager.hpp	/home/shuochen/learning/mos_all_test_ws/src/navigation2/nav2_lifecycle_manager/include/nav2_lifecycle_manager/lifecycle_manager.hpp
code/mos_all_test_ws/src/navigation2/nav2_lifecycle_manager/include/nav2_lifecycle_manager/lifecycle_manager_client.hpp	/home/shuochen/learning/mos_all_test_ws/src/navigation2/nav2_lifecycle_manager/include/nav2_lifecycle_manager/lifecycle_manager_client.hpp
code/mos_all_test_ws/src/navigation2/nav2_lifecycle_manager/package.xml	/home/shuochen/learning/mos_all_test_ws/src/navigation2/nav2_lifecycle_manager/package.xml
code/mos_all_test_ws/src/navigation2/nav2_lifecycle_manager/src/lifecycle_manager.cpp	/home/shuochen/learning/mos_all_test_ws/src/navigation2/nav2_lifecycle_manager/src/lifecycle_manager.cpp
code/mos_all_test_ws/src/navigation2/nav2_lifecycle_manager/src/lifecycle_manager_client.cpp	/home/shuochen/learning/mos_all_test_ws/src/navigation2/nav2_lifecycle_manager/src/lifecycle_manager_client.cpp
code/mos_all_test_ws/src/navigation2/nav2_lifecycle_manager/src/main.cpp	/home/shuochen/learning/mos_all_test_ws/src/navigation2/nav2_lifecycle_manager/src/main.cpp
code/mos_all_test_ws/src/navigation2/nav2_lifecycle_manager/test/CMakeLists.txt	/home/shuochen/learning/mos_all_test_ws/src/navigation2/nav2_lifecycle_manager/test/CMakeLists.txt
code/mos_all_test_ws/src/navigation2/nav2_lifecycle_manager/test/launch_bond_test.py	/home/shuochen/learning/mos_all_test_ws/src/navigation2/nav2_lifecycle_manager/test/launch_bond_test.py
code/mos_all_test_ws/src/navigation2/nav2_lifecycle_manager/test/launch_lifecycle_test.py	/home/shuochen/learning/mos_all_test_ws/src/navigation2/nav2_lifecycle_manager/test/launch_lifecycle_test.py
code/mos_all_test_ws/src/navigation2/nav2_lifecycle_manager/test/test_bond.cpp	/home/shuochen/learning/mos_all_test_ws/src/navigation2/nav2_lifecycle_manager/test/test_bond.cpp
code/mos_all_test_ws/src/navigation2/nav2_lifecycle_manager/test/test_lifecycle_manager.cpp	/home/shuochen/learning/mos_all_test_ws/src/navigation2/nav2_lifecycle_manager/test/test_lifecycle_manager.cpp
code/mos_all_test_ws/src/navigation2/nav2_map_server/CHANGELOG.rst	/home/shuochen/learning/mos_all_test_ws/src/navigation2/nav2_map_server/CHANGELOG.rst
code/mos_all_test_ws/src/navigation2/nav2_map_server/CMakeLists.txt	/home/shuochen/learning/mos_all_test_ws/src/navigation2/nav2_map_server/CMakeLists.txt
code/mos_all_test_ws/src/navigation2/nav2_map_server/README.md	/home/shuochen/learning/mos_all_test_ws/src/navigation2/nav2_map_server/README.md
code/mos_all_test_ws/src/navigation2/nav2_map_server/cmake_modules/FindGRAPHICSMAGICKCPP.cmake	/home/shuochen/learning/mos_all_test_ws/src/navigation2/nav2_map_server/cmake_modules/FindGRAPHICSMAGICKCPP.cmake
code/mos_all_test_ws/src/navigation2/nav2_map_server/include/nav2_map_server/costmap_filter_info_server.hpp	/home/shuochen/learning/mos_all_test_ws/src/navigation2/nav2_map_server/include/nav2_map_server/costmap_filter_info_server.hpp
code/mos_all_test_ws/src/navigation2/nav2_map_server/include/nav2_map_server/map_io.hpp	/home/shuochen/learning/mos_all_test_ws/src/navigation2/nav2_map_server/include/nav2_map_server/map_io.hpp
code/mos_all_test_ws/src/navigation2/nav2_map_server/include/nav2_map_server/map_mode.hpp	/home/shuochen/learning/mos_all_test_ws/src/navigation2/nav2_map_server/include/nav2_map_server/map_mode.hpp
code/mos_all_test_ws/src/navigation2/nav2_map_server/include/nav2_map_server/map_saver.hpp	/home/shuochen/learning/mos_all_test_ws/src/navigation2/nav2_map_server/include/nav2_map_server/map_saver.hpp
code/mos_all_test_ws/src/navigation2/nav2_map_server/include/nav2_map_server/map_server.hpp	/home/shuochen/learning/mos_all_test_ws/src/navigation2/nav2_map_server/include/nav2_map_server/map_server.hpp
code/mos_all_test_ws/src/navigation2/nav2_map_server/launch/map_saver_server.launch.py	/home/shuochen/learning/mos_all_test_ws/src/navigation2/nav2_map_server/launch/map_saver_server.launch.py
code/mos_all_test_ws/src/navigation2/nav2_map_server/package.xml	/home/shuochen/learning/mos_all_test_ws/src/navigation2/nav2_map_server/package.xml
code/mos_all_test_ws/src/navigation2/nav2_map_server/src/costmap_filter_info/costmap_filter_info_server.cpp	/home/shuochen/learning/mos_all_test_ws/src/navigation2/nav2_map_server/src/costmap_filter_info/costmap_filter_info_server.cpp
code/mos_all_test_ws/src/navigation2/nav2_map_server/src/costmap_filter_info/main.cpp	/home/shuochen/learning/mos_all_test_ws/src/navigation2/nav2_map_server/src/costmap_filter_info/main.cpp
code/mos_all_test_ws/src/navigation2/nav2_map_server/src/map_io.cpp	/home/shuochen/learning/mos_all_test_ws/src/navigation2/nav2_map_server/src/map_io.cpp
code/mos_all_test_ws/src/navigation2/nav2_map_server/src/map_mode.cpp	/home/shuochen/learning/mos_all_test_ws/src/navigation2/nav2_map_server/src/map_mode.cpp
code/mos_all_test_ws/src/navigation2/nav2_map_server/src/map_saver/main_cli.cpp	/home/shuochen/learning/mos_all_test_ws/src/navigation2/nav2_map_server/src/map_saver/main_cli.cpp
code/mos_all_test_ws/src/navigation2/nav2_map_server/src/map_saver/main_server.cpp	/home/shuochen/learning/mos_all_test_ws/src/navigation2/nav2_map_server/src/map_saver/main_server.cpp
code/mos_all_test_ws/src/navigation2/nav2_map_server/src/map_saver/map_saver.cpp	/home/shuochen/learning/mos_all_test_ws/src/navigation2/nav2_map_server/src/map_saver/map_saver.cpp
code/mos_all_test_ws/src/navigation2/nav2_map_server/src/map_server/main.cpp	/home/shuochen/learning/mos_all_test_ws/src/navigation2/nav2_map_server/src/map_server/main.cpp
code/mos_all_test_ws/src/navigation2/nav2_map_server/src/map_server/map_server.cpp	/home/shuochen/learning/mos_all_test_ws/src/navigation2/nav2_map_server/src/map_server/map_server.cpp
code/mos_all_test_ws/src/navigation2/nav2_map_server/test/CMakeLists.txt	/home/shuochen/learning/mos_all_test_ws/src/navigation2/nav2_map_server/test/CMakeLists.txt
code/mos_all_test_ws/src/navigation2/nav2_map_server/test/component/CMakeLists.txt	/home/shuochen/learning/mos_all_test_ws/src/navigation2/nav2_map_server/test/component/CMakeLists.txt
code/mos_all_test_ws/src/navigation2/nav2_map_server/test/component/test_map_saver_launch.py	/home/shuochen/learning/mos_all_test_ws/src/navigation2/nav2_map_server/test/component/test_map_saver_launch.py
code/mos_all_test_ws/src/navigation2/nav2_map_server/test/component/test_map_saver_node.cpp	/home/shuochen/learning/mos_all_test_ws/src/navigation2/nav2_map_server/test/component/test_map_saver_node.cpp
code/mos_all_test_ws/src/navigation2/nav2_map_server/test/component/test_map_saver_publisher.cpp	/home/shuochen/learning/mos_all_test_ws/src/navigation2/nav2_map_server/test/component/test_map_saver_publisher.cpp
code/mos_all_test_ws/src/navigation2/nav2_map_server/test/component/test_map_server_launch.py	/home/shuochen/learning/mos_all_test_ws/src/navigation2/nav2_map_server/test/component/test_map_server_launch.py
code/mos_all_test_ws/src/navigation2/nav2_map_server/test/component/test_map_server_node.cpp	/home/shuochen/learning/mos_all_test_ws/src/navigation2/nav2_map_server/test/component/test_map_server_node.cpp
code/mos_all_test_ws/src/navigation2/nav2_map_server/test/invalid_image.yaml	/home/shuochen/learning/mos_all_test_ws/src/navigation2/nav2_map_server/test/invalid_image.yaml
code/mos_all_test_ws/src/navigation2/nav2_map_server/test/map_saver_cli/CMakeLists.txt	/home/shuochen/learning/mos_all_test_ws/src/navigation2/nav2_map_server/test/map_saver_cli/CMakeLists.txt
code/mos_all_test_ws/src/navigation2/nav2_map_server/test/map_saver_cli/test_map_saver_cli.cpp	/home/shuochen/learning/mos_all_test_ws/src/navigation2/nav2_map_server/test/map_saver_cli/test_map_saver_cli.cpp
code/mos_all_test_ws/src/navigation2/nav2_map_server/test/map_saver_params.yaml	/home/shuochen/learning/mos_all_test_ws/src/navigation2/nav2_map_server/test/map_saver_params.yaml
code/mos_all_test_ws/src/navigation2/nav2_map_server/test/map_server_params.yaml	/home/shuochen/learning/mos_all_test_ws/src/navigation2/nav2_map_server/test/map_server_params.yaml
code/mos_all_test_ws/src/navigation2/nav2_map_server/test/test_constants.cpp	/home/shuochen/learning/mos_all_test_ws/src/navigation2/nav2_map_server/test/test_constants.cpp
code/mos_all_test_ws/src/navigation2/nav2_map_server/test/test_constants/test_constants.h	/home/shuochen/learning/mos_all_test_ws/src/navigation2/nav2_map_server/test/test_constants/test_constants.h
code/mos_all_test_ws/src/navigation2/nav2_map_server/test/test_launch_files/map_saver_node.launch.py	/home/shuochen/learning/mos_all_test_ws/src/navigation2/nav2_map_server/test/test_launch_files/map_saver_node.launch.py
code/mos_all_test_ws/src/navigation2/nav2_map_server/test/test_launch_files/map_server_node.launch.py	/home/shuochen/learning/mos_all_test_ws/src/navigation2/nav2_map_server/test/test_launch_files/map_server_node.launch.py
code/mos_all_test_ws/src/navigation2/nav2_map_server/test/testmap.bmp	/home/shuochen/learning/mos_all_test_ws/src/navigation2/nav2_map_server/test/testmap.bmp
code/mos_all_test_ws/src/navigation2/nav2_map_server/test/testmap.pgm	/home/shuochen/learning/mos_all_test_ws/src/navigation2/nav2_map_server/test/testmap.pgm
code/mos_all_test_ws/src/navigation2/nav2_map_server/test/testmap.png	/home/shuochen/learning/mos_all_test_ws/src/navigation2/nav2_map_server/test/testmap.png
code/mos_all_test_ws/src/navigation2/nav2_map_server/test/testmap.yaml	/home/shuochen/learning/mos_all_test_ws/src/navigation2/nav2_map_server/test/testmap.yaml
code/mos_all_test_ws/src/navigation2/nav2_map_server/test/unit/CMakeLists.txt	/home/shuochen/learning/mos_all_test_ws/src/navigation2/nav2_map_server/test/unit/CMakeLists.txt
code/mos_all_test_ws/src/navigation2/nav2_map_server/test/unit/test_costmap_filter_info_server.cpp	/home/shuochen/learning/mos_all_test_ws/src/navigation2/nav2_map_server/test/unit/test_costmap_filter_info_server.cpp
code/mos_all_test_ws/src/navigation2/nav2_map_server/test/unit/test_map_io.cpp	/home/shuochen/learning/mos_all_test_ws/src/navigation2/nav2_map_server/test/unit/test_map_io.cpp
code/mos_all_test_ws/src/navigation2/nav2_mppi_controller/CMakeLists.txt	/home/shuochen/learning/mos_all_test_ws/src/navigation2/nav2_mppi_controller/CMakeLists.txt
code/mos_all_test_ws/src/navigation2/nav2_mppi_controller/LICENSE.md	/home/shuochen/learning/mos_all_test_ws/src/navigation2/nav2_mppi_controller/LICENSE.md
code/mos_all_test_ws/src/navigation2/nav2_mppi_controller/README.md	/home/shuochen/learning/mos_all_test_ws/src/navigation2/nav2_mppi_controller/README.md
code/mos_all_test_ws/src/navigation2/nav2_mppi_controller/benchmark/CMakeLists.txt	/home/shuochen/learning/mos_all_test_ws/src/navigation2/nav2_mppi_controller/benchmark/CMakeLists.txt
code/mos_all_test_ws/src/navigation2/nav2_mppi_controller/benchmark/controller_benchmark.cpp	/home/shuochen/learning/mos_all_test_ws/src/navigation2/nav2_mppi_controller/benchmark/controller_benchmark.cpp
code/mos_all_test_ws/src/navigation2/nav2_mppi_controller/benchmark/optimizer_benchmark.cpp	/home/shuochen/learning/mos_all_test_ws/src/navigation2/nav2_mppi_controller/benchmark/optimizer_benchmark.cpp
code/mos_all_test_ws/src/navigation2/nav2_mppi_controller/critics.xml	/home/shuochen/learning/mos_all_test_ws/src/navigation2/nav2_mppi_controller/critics.xml
code/mos_all_test_ws/src/navigation2/nav2_mppi_controller/include/nav2_mppi_controller/controller.hpp	/home/shuochen/learning/mos_all_test_ws/src/navigation2/nav2_mppi_controller/include/nav2_mppi_controller/controller.hpp
code/mos_all_test_ws/src/navigation2/nav2_mppi_controller/include/nav2_mppi_controller/critic_data.hpp	/home/shuochen/learning/mos_all_test_ws/src/navigation2/nav2_mppi_controller/include/nav2_mppi_controller/critic_data.hpp
code/mos_all_test_ws/src/navigation2/nav2_mppi_controller/include/nav2_mppi_controller/critic_function.hpp	/home/shuochen/learning/mos_all_test_ws/src/navigation2/nav2_mppi_controller/include/nav2_mppi_controller/critic_function.hpp
code/mos_all_test_ws/src/navigation2/nav2_mppi_controller/include/nav2_mppi_controller/critic_manager.hpp	/home/shuochen/learning/mos_all_test_ws/src/navigation2/nav2_mppi_controller/include/nav2_mppi_controller/critic_manager.hpp
code/mos_all_test_ws/src/navigation2/nav2_mppi_controller/include/nav2_mppi_controller/critics/constraint_critic.hpp	/home/shuochen/learning/mos_all_test_ws/src/navigation2/nav2_mppi_controller/include/nav2_mppi_controller/critics/constraint_critic.hpp
code/mos_all_test_ws/src/navigation2/nav2_mppi_controller/include/nav2_mppi_controller/critics/cost_critic.hpp	/home/shuochen/learning/mos_all_test_ws/src/navigation2/nav2_mppi_controller/include/nav2_mppi_controller/critics/cost_critic.hpp
code/mos_all_test_ws/src/navigation2/nav2_mppi_controller/include/nav2_mppi_controller/critics/goal_angle_critic.hpp	/home/shuochen/learning/mos_all_test_ws/src/navigation2/nav2_mppi_controller/include/nav2_mppi_controller/critics/goal_angle_critic.hpp
code/mos_all_test_ws/src/navigation2/nav2_mppi_controller/include/nav2_mppi_controller/critics/goal_critic.hpp	/home/shuochen/learning/mos_all_test_ws/src/navigation2/nav2_mppi_controller/include/nav2_mppi_controller/critics/goal_critic.hpp
code/mos_all_test_ws/src/navigation2/nav2_mppi_controller/include/nav2_mppi_controller/critics/obstacles_critic.hpp	/home/shuochen/learning/mos_all_test_ws/src/navigation2/nav2_mppi_controller/include/nav2_mppi_controller/critics/obstacles_critic.hpp
code/mos_all_test_ws/src/navigation2/nav2_mppi_controller/include/nav2_mppi_controller/critics/path_align_critic.hpp	/home/shuochen/learning/mos_all_test_ws/src/navigation2/nav2_mppi_controller/include/nav2_mppi_controller/critics/path_align_critic.hpp
code/mos_all_test_ws/src/navigation2/nav2_mppi_controller/include/nav2_mppi_controller/critics/path_align_legacy_critic.hpp	/home/shuochen/learning/mos_all_test_ws/src/navigation2/nav2_mppi_controller/include/nav2_mppi_controller/critics/path_align_legacy_critic.hpp
code/mos_all_test_ws/src/navigation2/nav2_mppi_controller/include/nav2_mppi_controller/critics/path_angle_critic.hpp	/home/shuochen/learning/mos_all_test_ws/src/navigation2/nav2_mppi_controller/include/nav2_mppi_controller/critics/path_angle_critic.hpp
code/mos_all_test_ws/src/navigation2/nav2_mppi_controller/include/nav2_mppi_controller/critics/path_follow_critic.hpp	/home/shuochen/learning/mos_all_test_ws/src/navigation2/nav2_mppi_controller/include/nav2_mppi_controller/critics/path_follow_critic.hpp
code/mos_all_test_ws/src/navigation2/nav2_mppi_controller/include/nav2_mppi_controller/critics/prefer_forward_critic.hpp	/home/shuochen/learning/mos_all_test_ws/src/navigation2/nav2_mppi_controller/include/nav2_mppi_controller/critics/prefer_forward_critic.hpp
code/mos_all_test_ws/src/navigation2/nav2_mppi_controller/include/nav2_mppi_controller/critics/twirling_critic.hpp	/home/shuochen/learning/mos_all_test_ws/src/navigation2/nav2_mppi_controller/include/nav2_mppi_controller/critics/twirling_critic.hpp
code/mos_all_test_ws/src/navigation2/nav2_mppi_controller/include/nav2_mppi_controller/critics/velocity_deadband_critic.hpp	/home/shuochen/learning/mos_all_test_ws/src/navigation2/nav2_mppi_controller/include/nav2_mppi_controller/critics/velocity_deadband_critic.hpp
code/mos_all_test_ws/src/navigation2/nav2_mppi_controller/include/nav2_mppi_controller/models/constraints.hpp	/home/shuochen/learning/mos_all_test_ws/src/navigation2/nav2_mppi_controller/include/nav2_mppi_controller/models/constraints.hpp
code/mos_all_test_ws/src/navigation2/nav2_mppi_controller/include/nav2_mppi_controller/models/control_sequence.hpp	/home/shuochen/learning/mos_all_test_ws/src/navigation2/nav2_mppi_controller/include/nav2_mppi_controller/models/control_sequence.hpp
code/mos_all_test_ws/src/navigation2/nav2_mppi_controller/include/nav2_mppi_controller/models/optimizer_settings.hpp	/home/shuochen/learning/mos_all_test_ws/src/navigation2/nav2_mppi_controller/include/nav2_mppi_controller/models/optimizer_settings.hpp
code/mos_all_test_ws/src/navigation2/nav2_mppi_controller/include/nav2_mppi_controller/models/path.hpp	/home/shuochen/learning/mos_all_test_ws/src/navigation2/nav2_mppi_controller/include/nav2_mppi_controller/models/path.hpp
code/mos_all_test_ws/src/navigation2/nav2_mppi_controller/include/nav2_mppi_controller/models/state.hpp	/home/shuochen/learning/mos_all_test_ws/src/navigation2/nav2_mppi_controller/include/nav2_mppi_controller/models/state.hpp
code/mos_all_test_ws/src/navigation2/nav2_mppi_controller/include/nav2_mppi_controller/models/trajectories.hpp	/home/shuochen/learning/mos_all_test_ws/src/navigation2/nav2_mppi_controller/include/nav2_mppi_controller/models/trajectories.hpp
code/mos_all_test_ws/src/navigation2/nav2_mppi_controller/include/nav2_mppi_controller/motion_models.hpp	/home/shuochen/learning/mos_all_test_ws/src/navigation2/nav2_mppi_controller/include/nav2_mppi_controller/motion_models.hpp
code/mos_all_test_ws/src/navigation2/nav2_mppi_controller/include/nav2_mppi_controller/optimizer.hpp	/home/shuochen/learning/mos_all_test_ws/src/navigation2/nav2_mppi_controller/include/nav2_mppi_controller/optimizer.hpp
code/mos_all_test_ws/src/navigation2/nav2_mppi_controller/include/nav2_mppi_controller/tools/apple_utils.hpp	/home/shuochen/learning/mos_all_test_ws/src/navigation2/nav2_mppi_controller/include/nav2_mppi_controller/tools/apple_utils.hpp
code/mos_all_test_ws/src/navigation2/nav2_mppi_controller/include/nav2_mppi_controller/tools/noise_generator.hpp	/home/shuochen/learning/mos_all_test_ws/src/navigation2/nav2_mppi_controller/include/nav2_mppi_controller/tools/noise_generator.hpp
code/mos_all_test_ws/src/navigation2/nav2_mppi_controller/include/nav2_mppi_controller/tools/parameters_handler.hpp	/home/shuochen/learning/mos_all_test_ws/src/navigation2/nav2_mppi_controller/include/nav2_mppi_controller/tools/parameters_handler.hpp
code/mos_all_test_ws/src/navigation2/nav2_mppi_controller/include/nav2_mppi_controller/tools/path_handler.hpp	/home/shuochen/learning/mos_all_test_ws/src/navigation2/nav2_mppi_controller/include/nav2_mppi_controller/tools/path_handler.hpp
code/mos_all_test_ws/src/navigation2/nav2_mppi_controller/include/nav2_mppi_controller/tools/trajectory_visualizer.hpp	/home/shuochen/learning/mos_all_test_ws/src/navigation2/nav2_mppi_controller/include/nav2_mppi_controller/tools/trajectory_visualizer.hpp
code/mos_all_test_ws/src/navigation2/nav2_mppi_controller/include/nav2_mppi_controller/tools/utils.hpp	/home/shuochen/learning/mos_all_test_ws/src/navigation2/nav2_mppi_controller/include/nav2_mppi_controller/tools/utils.hpp
code/mos_all_test_ws/src/navigation2/nav2_mppi_controller/media/demo.gif	/home/shuochen/learning/mos_all_test_ws/src/navigation2/nav2_mppi_controller/media/demo.gif
code/mos_all_test_ws/src/navigation2/nav2_mppi_controller/mppic.xml	/home/shuochen/learning/mos_all_test_ws/src/navigation2/nav2_mppi_controller/mppic.xml
code/mos_all_test_ws/src/navigation2/nav2_mppi_controller/package.xml	/home/shuochen/learning/mos_all_test_ws/src/navigation2/nav2_mppi_controller/package.xml
code/mos_all_test_ws/src/navigation2/nav2_mppi_controller/src/controller.cpp	/home/shuochen/learning/mos_all_test_ws/src/navigation2/nav2_mppi_controller/src/controller.cpp
code/mos_all_test_ws/src/navigation2/nav2_mppi_controller/src/critic_manager.cpp	/home/shuochen/learning/mos_all_test_ws/src/navigation2/nav2_mppi_controller/src/critic_manager.cpp
code/mos_all_test_ws/src/navigation2/nav2_mppi_controller/src/critics/constraint_critic.cpp	/home/shuochen/learning/mos_all_test_ws/src/navigation2/nav2_mppi_controller/src/critics/constraint_critic.cpp
code/mos_all_test_ws/src/navigation2/nav2_mppi_controller/src/critics/cost_critic.cpp	/home/shuochen/learning/mos_all_test_ws/src/navigation2/nav2_mppi_controller/src/critics/cost_critic.cpp
code/mos_all_test_ws/src/navigation2/nav2_mppi_controller/src/critics/goal_angle_critic.cpp	/home/shuochen/learning/mos_all_test_ws/src/navigation2/nav2_mppi_controller/src/critics/goal_angle_critic.cpp
code/mos_all_test_ws/src/navigation2/nav2_mppi_controller/src/critics/goal_critic.cpp	/home/shuochen/learning/mos_all_test_ws/src/navigation2/nav2_mppi_controller/src/critics/goal_critic.cpp
code/mos_all_test_ws/src/navigation2/nav2_mppi_controller/src/critics/obstacles_critic.cpp	/home/shuochen/learning/mos_all_test_ws/src/navigation2/nav2_mppi_controller/src/critics/obstacles_critic.cpp
code/mos_all_test_ws/src/navigation2/nav2_mppi_controller/src/critics/path_align_critic.cpp	/home/shuochen/learning/mos_all_test_ws/src/navigation2/nav2_mppi_controller/src/critics/path_align_critic.cpp
code/mos_all_test_ws/src/navigation2/nav2_mppi_controller/src/critics/path_align_legacy_critic.cpp	/home/shuochen/learning/mos_all_test_ws/src/navigation2/nav2_mppi_controller/src/critics/path_align_legacy_critic.cpp
code/mos_all_test_ws/src/navigation2/nav2_mppi_controller/src/critics/path_angle_critic.cpp	/home/shuochen/learning/mos_all_test_ws/src/navigation2/nav2_mppi_controller/src/critics/path_angle_critic.cpp
code/mos_all_test_ws/src/navigation2/nav2_mppi_controller/src/critics/path_follow_critic.cpp	/home/shuochen/learning/mos_all_test_ws/src/navigation2/nav2_mppi_controller/src/critics/path_follow_critic.cpp
code/mos_all_test_ws/src/navigation2/nav2_mppi_controller/src/critics/prefer_forward_critic.cpp	/home/shuochen/learning/mos_all_test_ws/src/navigation2/nav2_mppi_controller/src/critics/prefer_forward_critic.cpp
code/mos_all_test_ws/src/navigation2/nav2_mppi_controller/src/critics/twirling_critic.cpp	/home/shuochen/learning/mos_all_test_ws/src/navigation2/nav2_mppi_controller/src/critics/twirling_critic.cpp
code/mos_all_test_ws/src/navigation2/nav2_mppi_controller/src/critics/velocity_deadband_critic.cpp	/home/shuochen/learning/mos_all_test_ws/src/navigation2/nav2_mppi_controller/src/critics/velocity_deadband_critic.cpp
code/mos_all_test_ws/src/navigation2/nav2_mppi_controller/src/noise_generator.cpp	/home/shuochen/learning/mos_all_test_ws/src/navigation2/nav2_mppi_controller/src/noise_generator.cpp
code/mos_all_test_ws/src/navigation2/nav2_mppi_controller/src/optimizer.cpp	/home/shuochen/learning/mos_all_test_ws/src/navigation2/nav2_mppi_controller/src/optimizer.cpp
code/mos_all_test_ws/src/navigation2/nav2_mppi_controller/src/parameters_handler.cpp	/home/shuochen/learning/mos_all_test_ws/src/navigation2/nav2_mppi_controller/src/parameters_handler.cpp
code/mos_all_test_ws/src/navigation2/nav2_mppi_controller/src/path_handler.cpp	/home/shuochen/learning/mos_all_test_ws/src/navigation2/nav2_mppi_controller/src/path_handler.cpp
code/mos_all_test_ws/src/navigation2/nav2_mppi_controller/src/trajectory_visualizer.cpp	/home/shuochen/learning/mos_all_test_ws/src/navigation2/nav2_mppi_controller/src/trajectory_visualizer.cpp
code/mos_all_test_ws/src/navigation2/nav2_mppi_controller/test/CMakeLists.txt	/home/shuochen/learning/mos_all_test_ws/src/navigation2/nav2_mppi_controller/test/CMakeLists.txt
code/mos_all_test_ws/src/navigation2/nav2_mppi_controller/test/controller_state_transition_test.cpp	/home/shuochen/learning/mos_all_test_ws/src/navigation2/nav2_mppi_controller/test/controller_state_transition_test.cpp
code/mos_all_test_ws/src/navigation2/nav2_mppi_controller/test/critic_manager_test.cpp	/home/shuochen/learning/mos_all_test_ws/src/navigation2/nav2_mppi_controller/test/critic_manager_test.cpp
code/mos_all_test_ws/src/navigation2/nav2_mppi_controller/test/critics_tests.cpp	/home/shuochen/learning/mos_all_test_ws/src/navigation2/nav2_mppi_controller/test/critics_tests.cpp
code/mos_all_test_ws/src/navigation2/nav2_mppi_controller/test/models_test.cpp	/home/shuochen/learning/mos_all_test_ws/src/navigation2/nav2_mppi_controller/test/models_test.cpp
code/mos_all_test_ws/src/navigation2/nav2_mppi_controller/test/motion_model_tests.cpp	/home/shuochen/learning/mos_all_test_ws/src/navigation2/nav2_mppi_controller/test/motion_model_tests.cpp
code/mos_all_test_ws/src/navigation2/nav2_mppi_controller/test/noise_generator_test.cpp	/home/shuochen/learning/mos_all_test_ws/src/navigation2/nav2_mppi_controller/test/noise_generator_test.cpp
code/mos_all_test_ws/src/navigation2/nav2_mppi_controller/test/optimizer_smoke_test.cpp	/home/shuochen/learning/mos_all_test_ws/src/navigation2/nav2_mppi_controller/test/optimizer_smoke_test.cpp
code/mos_all_test_ws/src/navigation2/nav2_mppi_controller/test/optimizer_unit_tests.cpp	/home/shuochen/learning/mos_all_test_ws/src/navigation2/nav2_mppi_controller/test/optimizer_unit_tests.cpp
code/mos_all_test_ws/src/navigation2/nav2_mppi_controller/test/parameter_handler_test.cpp	/home/shuochen/learning/mos_all_test_ws/src/navigation2/nav2_mppi_controller/test/parameter_handler_test.cpp
code/mos_all_test_ws/src/navigation2/nav2_mppi_controller/test/path_handler_test.cpp	/home/shuochen/learning/mos_all_test_ws/src/navigation2/nav2_mppi_controller/test/path_handler_test.cpp
code/mos_all_test_ws/src/navigation2/nav2_mppi_controller/test/trajectory_visualizer_tests.cpp	/home/shuochen/learning/mos_all_test_ws/src/navigation2/nav2_mppi_controller/test/trajectory_visualizer_tests.cpp
code/mos_all_test_ws/src/navigation2/nav2_mppi_controller/test/utils/factory.hpp	/home/shuochen/learning/mos_all_test_ws/src/navigation2/nav2_mppi_controller/test/utils/factory.hpp
code/mos_all_test_ws/src/navigation2/nav2_mppi_controller/test/utils/models.hpp	/home/shuochen/learning/mos_all_test_ws/src/navigation2/nav2_mppi_controller/test/utils/models.hpp
code/mos_all_test_ws/src/navigation2/nav2_mppi_controller/test/utils/utils.hpp	/home/shuochen/learning/mos_all_test_ws/src/navigation2/nav2_mppi_controller/test/utils/utils.hpp
code/mos_all_test_ws/src/navigation2/nav2_mppi_controller/test/utils_test.cpp	/home/shuochen/learning/mos_all_test_ws/src/navigation2/nav2_mppi_controller/test/utils_test.cpp
code/mos_all_test_ws/src/navigation2/nav2_msgs/CHANGELOG.rst	/home/shuochen/learning/mos_all_test_ws/src/navigation2/nav2_msgs/CHANGELOG.rst
code/mos_all_test_ws/src/navigation2/nav2_msgs/CMakeLists.txt	/home/shuochen/learning/mos_all_test_ws/src/navigation2/nav2_msgs/CMakeLists.txt
code/mos_all_test_ws/src/navigation2/nav2_msgs/README.md	/home/shuochen/learning/mos_all_test_ws/src/navigation2/nav2_msgs/README.md
code/mos_all_test_ws/src/navigation2/nav2_msgs/action/AssistedTeleop.action	/home/shuochen/learning/mos_all_test_ws/src/navigation2/nav2_msgs/action/AssistedTeleop.action
code/mos_all_test_ws/src/navigation2/nav2_msgs/action/BackUp.action	/home/shuochen/learning/mos_all_test_ws/src/navigation2/nav2_msgs/action/BackUp.action
code/mos_all_test_ws/src/navigation2/nav2_msgs/action/ComputeAndTrackRoute.action	/home/shuochen/learning/mos_all_test_ws/src/navigation2/nav2_msgs/action/ComputeAndTrackRoute.action
code/mos_all_test_ws/src/navigation2/nav2_msgs/action/ComputePathThroughPoses.action	/home/shuochen/learning/mos_all_test_ws/src/navigation2/nav2_msgs/action/ComputePathThroughPoses.action
code/mos_all_test_ws/src/navigation2/nav2_msgs/action/ComputePathToPose.action	/home/shuochen/learning/mos_all_test_ws/src/navigation2/nav2_msgs/action/ComputePathToPose.action
code/mos_all_test_ws/src/navigation2/nav2_msgs/action/ComputeRoute.action	/home/shuochen/learning/mos_all_test_ws/src/navigation2/nav2_msgs/action/ComputeRoute.action
code/mos_all_test_ws/src/navigation2/nav2_msgs/action/DriveOnHeading.action	/home/shuochen/learning/mos_all_test_ws/src/navigation2/nav2_msgs/action/DriveOnHeading.action
code/mos_all_test_ws/src/navigation2/nav2_msgs/action/DummyBehavior.action	/home/shuochen/learning/mos_all_test_ws/src/navigation2/nav2_msgs/action/DummyBehavior.action
code/mos_all_test_ws/src/navigation2/nav2_msgs/action/FollowPath.action	/home/shuochen/learning/mos_all_test_ws/src/navigation2/nav2_msgs/action/FollowPath.action
code/mos_all_test_ws/src/navigation2/nav2_msgs/action/FollowWaypoints.action	/home/shuochen/learning/mos_all_test_ws/src/navigation2/nav2_msgs/action/FollowWaypoints.action
code/mos_all_test_ws/src/navigation2/nav2_msgs/action/NavigateThroughPoses.action	/home/shuochen/learning/mos_all_test_ws/src/navigation2/nav2_msgs/action/NavigateThroughPoses.action
code/mos_all_test_ws/src/navigation2/nav2_msgs/action/NavigateToPose.action	/home/shuochen/learning/mos_all_test_ws/src/navigation2/nav2_msgs/action/NavigateToPose.action
code/mos_all_test_ws/src/navigation2/nav2_msgs/action/SmoothPath.action	/home/shuochen/learning/mos_all_test_ws/src/navigation2/nav2_msgs/action/SmoothPath.action
code/mos_all_test_ws/src/navigation2/nav2_msgs/action/Spin.action	/home/shuochen/learning/mos_all_test_ws/src/navigation2/nav2_msgs/action/Spin.action
code/mos_all_test_ws/src/navigation2/nav2_msgs/action/Wait.action	/home/shuochen/learning/mos_all_test_ws/src/navigation2/nav2_msgs/action/Wait.action
code/mos_all_test_ws/src/navigation2/nav2_msgs/msg/BehaviorTreeLog.msg	/home/shuochen/learning/mos_all_test_ws/src/navigation2/nav2_msgs/msg/BehaviorTreeLog.msg
code/mos_all_test_ws/src/navigation2/nav2_msgs/msg/BehaviorTreeStatusChange.msg	/home/shuochen/learning/mos_all_test_ws/src/navigation2/nav2_msgs/msg/BehaviorTreeStatusChange.msg
code/mos_all_test_ws/src/navigation2/nav2_msgs/msg/CollisionMonitorState.msg	/home/shuochen/learning/mos_all_test_ws/src/navigation2/nav2_msgs/msg/CollisionMonitorState.msg
code/mos_all_test_ws/src/navigation2/nav2_msgs/msg/Costmap.msg	/home/shuochen/learning/mos_all_test_ws/src/navigation2/nav2_msgs/msg/Costmap.msg
code/mos_all_test_ws/src/navigation2/nav2_msgs/msg/CostmapFilterInfo.msg	/home/shuochen/learning/mos_all_test_ws/src/navigation2/nav2_msgs/msg/CostmapFilterInfo.msg
code/mos_all_test_ws/src/navigation2/nav2_msgs/msg/CostmapMetaData.msg	/home/shuochen/learning/mos_all_test_ws/src/navigation2/nav2_msgs/msg/CostmapMetaData.msg
code/mos_all_test_ws/src/navigation2/nav2_msgs/msg/EdgeCost.msg	/home/shuochen/learning/mos_all_test_ws/src/navigation2/nav2_msgs/msg/EdgeCost.msg
code/mos_all_test_ws/src/navigation2/nav2_msgs/msg/Particle.msg	/home/shuochen/learning/mos_all_test_ws/src/navigation2/nav2_msgs/msg/Particle.msg
code/mos_all_test_ws/src/navigation2/nav2_msgs/msg/ParticleCloud.msg	/home/shuochen/learning/mos_all_test_ws/src/navigation2/nav2_msgs/msg/ParticleCloud.msg
code/mos_all_test_ws/src/navigation2/nav2_msgs/msg/Route.msg	/home/shuochen/learning/mos_all_test_ws/src/navigation2/nav2_msgs/msg/Route.msg
code/mos_all_test_ws/src/navigation2/nav2_msgs/msg/RouteEdge.msg	/home/shuochen/learning/mos_all_test_ws/src/navigation2/nav2_msgs/msg/RouteEdge.msg
code/mos_all_test_ws/src/navigation2/nav2_msgs/msg/RouteNode.msg	/home/shuochen/learning/mos_all_test_ws/src/navigation2/nav2_msgs/msg/RouteNode.msg
code/mos_all_test_ws/src/navigation2/nav2_msgs/msg/SpeedLimit.msg	/home/shuochen/learning/mos_all_test_ws/src/navigation2/nav2_msgs/msg/SpeedLimit.msg
code/mos_all_test_ws/src/navigation2/nav2_msgs/msg/VoxelGrid.msg	/home/shuochen/learning/mos_all_test_ws/src/navigation2/nav2_msgs/msg/VoxelGrid.msg
code/mos_all_test_ws/src/navigation2/nav2_msgs/package.xml	/home/shuochen/learning/mos_all_test_ws/src/navigation2/nav2_msgs/package.xml
code/mos_all_test_ws/src/navigation2/nav2_msgs/srv/ClearCostmapAroundRobot.srv	/home/shuochen/learning/mos_all_test_ws/src/navigation2/nav2_msgs/srv/ClearCostmapAroundRobot.srv
code/mos_all_test_ws/src/navigation2/nav2_msgs/srv/ClearCostmapExceptRegion.srv	/home/shuochen/learning/mos_all_test_ws/src/navigation2/nav2_msgs/srv/ClearCostmapExceptRegion.srv
code/mos_all_test_ws/src/navigation2/nav2_msgs/srv/ClearEntireCostmap.srv	/home/shuochen/learning/mos_all_test_ws/src/navigation2/nav2_msgs/srv/ClearEntireCostmap.srv
code/mos_all_test_ws/src/navigation2/nav2_msgs/srv/DynamicEdges.srv	/home/shuochen/learning/mos_all_test_ws/src/navigation2/nav2_msgs/srv/DynamicEdges.srv
code/mos_all_test_ws/src/navigation2/nav2_msgs/srv/GetCostmap.srv	/home/shuochen/learning/mos_all_test_ws/src/navigation2/nav2_msgs/srv/GetCostmap.srv
code/mos_all_test_ws/src/navigation2/nav2_msgs/srv/IsPathValid.srv	/home/shuochen/learning/mos_all_test_ws/src/navigation2/nav2_msgs/srv/IsPathValid.srv
code/mos_all_test_ws/src/navigation2/nav2_msgs/srv/LoadMap.srv	/home/shuochen/learning/mos_all_test_ws/src/navigation2/nav2_msgs/srv/LoadMap.srv
code/mos_all_test_ws/src/navigation2/nav2_msgs/srv/ManageLifecycleNodes.srv	/home/shuochen/learning/mos_all_test_ws/src/navigation2/nav2_msgs/srv/ManageLifecycleNodes.srv
code/mos_all_test_ws/src/navigation2/nav2_msgs/srv/SaveMap.srv	/home/shuochen/learning/mos_all_test_ws/src/navigation2/nav2_msgs/srv/SaveMap.srv
code/mos_all_test_ws/src/navigation2/nav2_msgs/srv/SetInitialPose.srv	/home/shuochen/learning/mos_all_test_ws/src/navigation2/nav2_msgs/srv/SetInitialPose.srv
code/mos_all_test_ws/src/navigation2/nav2_msgs/srv/SetRouteGraph.srv	/home/shuochen/learning/mos_all_test_ws/src/navigation2/nav2_msgs/srv/SetRouteGraph.srv
code/mos_all_test_ws/src/navigation2/nav2_navfn_planner/CHANGELOG.rst	/home/shuochen/learning/mos_all_test_ws/src/navigation2/nav2_navfn_planner/CHANGELOG.rst
code/mos_all_test_ws/src/navigation2/nav2_navfn_planner/CMakeLists.txt	/home/shuochen/learning/mos_all_test_ws/src/navigation2/nav2_navfn_planner/CMakeLists.txt
code/mos_all_test_ws/src/navigation2/nav2_navfn_planner/README.md	/home/shuochen/learning/mos_all_test_ws/src/navigation2/nav2_navfn_planner/README.md
code/mos_all_test_ws/src/navigation2/nav2_navfn_planner/global_planner_plugin.xml	/home/shuochen/learning/mos_all_test_ws/src/navigation2/nav2_navfn_planner/global_planner_plugin.xml
code/mos_all_test_ws/src/navigation2/nav2_navfn_planner/include/nav2_navfn_planner/navfn.hpp	/home/shuochen/learning/mos_all_test_ws/src/navigation2/nav2_navfn_planner/include/nav2_navfn_planner/navfn.hpp
code/mos_all_test_ws/src/navigation2/nav2_navfn_planner/include/nav2_navfn_planner/navfn_planner.hpp	/home/shuochen/learning/mos_all_test_ws/src/navigation2/nav2_navfn_planner/include/nav2_navfn_planner/navfn_planner.hpp
code/mos_all_test_ws/src/navigation2/nav2_navfn_planner/package.xml	/home/shuochen/learning/mos_all_test_ws/src/navigation2/nav2_navfn_planner/package.xml
code/mos_all_test_ws/src/navigation2/nav2_navfn_planner/src/navfn.cpp	/home/shuochen/learning/mos_all_test_ws/src/navigation2/nav2_navfn_planner/src/navfn.cpp
code/mos_all_test_ws/src/navigation2/nav2_navfn_planner/src/navfn_planner.cpp	/home/shuochen/learning/mos_all_test_ws/src/navigation2/nav2_navfn_planner/src/navfn_planner.cpp
code/mos_all_test_ws/src/navigation2/nav2_navfn_planner/test/CMakeLists.txt	/home/shuochen/learning/mos_all_test_ws/src/navigation2/nav2_navfn_planner/test/CMakeLists.txt
code/mos_all_test_ws/src/navigation2/nav2_navfn_planner/test/test_dynamic_parameters.cpp	/home/shuochen/learning/mos_all_test_ws/src/navigation2/nav2_navfn_planner/test/test_dynamic_parameters.cpp
code/mos_all_test_ws/src/navigation2/nav2_planner/CHANGELOG.rst	/home/shuochen/learning/mos_all_test_ws/src/navigation2/nav2_planner/CHANGELOG.rst
code/mos_all_test_ws/src/navigation2/nav2_planner/CMakeLists.txt	/home/shuochen/learning/mos_all_test_ws/src/navigation2/nav2_planner/CMakeLists.txt
code/mos_all_test_ws/src/navigation2/nav2_planner/README.md	/home/shuochen/learning/mos_all_test_ws/src/navigation2/nav2_planner/README.md
code/mos_all_test_ws/src/navigation2/nav2_planner/include/nav2_planner/planner_server.hpp	/home/shuochen/learning/mos_all_test_ws/src/navigation2/nav2_planner/include/nav2_planner/planner_server.hpp
code/mos_all_test_ws/src/navigation2/nav2_planner/package.xml	/home/shuochen/learning/mos_all_test_ws/src/navigation2/nav2_planner/package.xml
code/mos_all_test_ws/src/navigation2/nav2_planner/src/main.cpp	/home/shuochen/learning/mos_all_test_ws/src/navigation2/nav2_planner/src/main.cpp
code/mos_all_test_ws/src/navigation2/nav2_planner/src/planner_server.cpp	/home/shuochen/learning/mos_all_test_ws/src/navigation2/nav2_planner/src/planner_server.cpp
code/mos_all_test_ws/src/navigation2/nav2_planner/test/CMakeLists.txt	/home/shuochen/learning/mos_all_test_ws/src/navigation2/nav2_planner/test/CMakeLists.txt
code/mos_all_test_ws/src/navigation2/nav2_planner/test/test_dynamic_parameters.cpp	/home/shuochen/learning/mos_all_test_ws/src/navigation2/nav2_planner/test/test_dynamic_parameters.cpp
code/mos_all_test_ws/src/navigation2/nav2_regulated_pure_pursuit_controller/CMakeLists.txt	/home/shuochen/learning/mos_all_test_ws/src/navigation2/nav2_regulated_pure_pursuit_controller/CMakeLists.txt
code/mos_all_test_ws/src/navigation2/nav2_regulated_pure_pursuit_controller/README.md	/home/shuochen/learning/mos_all_test_ws/src/navigation2/nav2_regulated_pure_pursuit_controller/README.md
code/mos_all_test_ws/src/navigation2/nav2_regulated_pure_pursuit_controller/doc/circle-segment-intersection.ipynb	/home/shuochen/learning/mos_all_test_ws/src/navigation2/nav2_regulated_pure_pursuit_controller/doc/circle-segment-intersection.ipynb
code/mos_all_test_ws/src/navigation2/nav2_regulated_pure_pursuit_controller/doc/lookahead_algorithm.png	/home/shuochen/learning/mos_all_test_ws/src/navigation2/nav2_regulated_pure_pursuit_controller/doc/lookahead_algorithm.png
code/mos_all_test_ws/src/navigation2/nav2_regulated_pure_pursuit_controller/include/nav2_regulated_pure_pursuit_controller/regulated_pure_pursuit_controller.hpp	/home/shuochen/learning/mos_all_test_ws/src/navigation2/nav2_regulated_pure_pursuit_controller/include/nav2_regulated_pure_pursuit_controller/regulated_pure_pursuit_controller.hpp
code/mos_all_test_ws/src/navigation2/nav2_regulated_pure_pursuit_controller/nav2_regulated_pure_pursuit_controller.xml	/home/shuochen/learning/mos_all_test_ws/src/navigation2/nav2_regulated_pure_pursuit_controller/nav2_regulated_pure_pursuit_controller.xml
code/mos_all_test_ws/src/navigation2/nav2_regulated_pure_pursuit_controller/package.xml	/home/shuochen/learning/mos_all_test_ws/src/navigation2/nav2_regulated_pure_pursuit_controller/package.xml
code/mos_all_test_ws/src/navigation2/nav2_regulated_pure_pursuit_controller/src/regulated_pure_pursuit_controller.cpp	/home/shuochen/learning/mos_all_test_ws/src/navigation2/nav2_regulated_pure_pursuit_controller/src/regulated_pure_pursuit_controller.cpp
code/mos_all_test_ws/src/navigation2/nav2_regulated_pure_pursuit_controller/test/CMakeLists.txt	/home/shuochen/learning/mos_all_test_ws/src/navigation2/nav2_regulated_pure_pursuit_controller/test/CMakeLists.txt
code/mos_all_test_ws/src/navigation2/nav2_regulated_pure_pursuit_controller/test/path_utils/path_utils.cpp	/home/shuochen/learning/mos_all_test_ws/src/navigation2/nav2_regulated_pure_pursuit_controller/test/path_utils/path_utils.cpp
code/mos_all_test_ws/src/navigation2/nav2_regulated_pure_pursuit_controller/test/path_utils/path_utils.hpp	/home/shuochen/learning/mos_all_test_ws/src/navigation2/nav2_regulated_pure_pursuit_controller/test/path_utils/path_utils.hpp
code/mos_all_test_ws/src/navigation2/nav2_regulated_pure_pursuit_controller/test/path_utils/test_path_utils.cpp	/home/shuochen/learning/mos_all_test_ws/src/navigation2/nav2_regulated_pure_pursuit_controller/test/path_utils/test_path_utils.cpp
code/mos_all_test_ws/src/navigation2/nav2_regulated_pure_pursuit_controller/test/test_regulated_pp.cpp	/home/shuochen/learning/mos_all_test_ws/src/navigation2/nav2_regulated_pure_pursuit_controller/test/test_regulated_pp.cpp
code/mos_all_test_ws/src/navigation2/nav2_rotation_shim_controller/CMakeLists.txt	/home/shuochen/learning/mos_all_test_ws/src/navigation2/nav2_rotation_shim_controller/CMakeLists.txt
code/mos_all_test_ws/src/navigation2/nav2_rotation_shim_controller/README.md	/home/shuochen/learning/mos_all_test_ws/src/navigation2/nav2_rotation_shim_controller/README.md
code/mos_all_test_ws/src/navigation2/nav2_rotation_shim_controller/include/nav2_rotation_shim_controller/nav2_rotation_shim_controller.hpp	/home/shuochen/learning/mos_all_test_ws/src/navigation2/nav2_rotation_shim_controller/include/nav2_rotation_shim_controller/nav2_rotation_shim_controller.hpp
code/mos_all_test_ws/src/navigation2/nav2_rotation_shim_controller/nav2_rotation_shim_controller.xml	/home/shuochen/learning/mos_all_test_ws/src/navigation2/nav2_rotation_shim_controller/nav2_rotation_shim_controller.xml
code/mos_all_test_ws/src/navigation2/nav2_rotation_shim_controller/package.xml	/home/shuochen/learning/mos_all_test_ws/src/navigation2/nav2_rotation_shim_controller/package.xml
code/mos_all_test_ws/src/navigation2/nav2_rotation_shim_controller/src/nav2_rotation_shim_controller.cpp	/home/shuochen/learning/mos_all_test_ws/src/navigation2/nav2_rotation_shim_controller/src/nav2_rotation_shim_controller.cpp
code/mos_all_test_ws/src/navigation2/nav2_rotation_shim_controller/test/CMakeLists.txt	/home/shuochen/learning/mos_all_test_ws/src/navigation2/nav2_rotation_shim_controller/test/CMakeLists.txt
code/mos_all_test_ws/src/navigation2/nav2_rotation_shim_controller/test/test_shim_controller.cpp	/home/shuochen/learning/mos_all_test_ws/src/navigation2/nav2_rotation_shim_controller/test/test_shim_controller.cpp
code/mos_all_test_ws/src/navigation2/nav2_route/CMakeLists.txt	/home/shuochen/learning/mos_all_test_ws/src/navigation2/nav2_route/CMakeLists.txt
code/mos_all_test_ws/src/navigation2/nav2_route/README.md	/home/shuochen/learning/mos_all_test_ws/src/navigation2/nav2_route/README.md
code/mos_all_test_ws/src/navigation2/nav2_route/graphs/aws_graph.geojson	/home/shuochen/learning/mos_all_test_ws/src/navigation2/nav2_route/graphs/aws_graph.geojson
code/mos_all_test_ws/src/navigation2/nav2_route/graphs/sample_graph.geojson	/home/shuochen/learning/mos_all_test_ws/src/navigation2/nav2_route/graphs/sample_graph.geojson
code/mos_all_test_ws/src/navigation2/nav2_route/graphs/scripts/README.md	/home/shuochen/learning/mos_all_test_ws/src/navigation2/nav2_route/graphs/scripts/README.md
code/mos_all_test_ws/src/navigation2/nav2_route/graphs/scripts/export_shapefiles.py	/home/shuochen/learning/mos_all_test_ws/src/navigation2/nav2_route/graphs/scripts/export_shapefiles.py
code/mos_all_test_ws/src/navigation2/nav2_route/graphs/scripts/generate_start_and_end_id.sql	/home/shuochen/learning/mos_all_test_ws/src/navigation2/nav2_route/graphs/scripts/generate_start_and_end_id.sql
code/mos_all_test_ws/src/navigation2/nav2_route/graphs/scripts/increment_edge_id.json	/home/shuochen/learning/mos_all_test_ws/src/navigation2/nav2_route/graphs/scripts/increment_edge_id.json
code/mos_all_test_ws/src/navigation2/nav2_route/graphs/scripts/increment_node_id.json	/home/shuochen/learning/mos_all_test_ws/src/navigation2/nav2_route/graphs/scripts/increment_node_id.json
code/mos_all_test_ws/src/navigation2/nav2_route/graphs/turtlebot3_graph.geojson	/home/shuochen/learning/mos_all_test_ws/src/navigation2/nav2_route/graphs/turtlebot3_graph.geojson
code/mos_all_test_ws/src/navigation2/nav2_route/graphs/turtlebot4_graph.geojson	/home/shuochen/learning/mos_all_test_ws/src/navigation2/nav2_route/graphs/turtlebot4_graph.geojson
code/mos_all_test_ws/src/navigation2/nav2_route/include/nav2_route/corner_smoothing.hpp	/home/shuochen/learning/mos_all_test_ws/src/navigation2/nav2_route/include/nav2_route/corner_smoothing.hpp
code/mos_all_test_ws/src/navigation2/nav2_route/include/nav2_route/edge_scorer.hpp	/home/shuochen/learning/mos_all_test_ws/src/navigation2/nav2_route/include/nav2_route/edge_scorer.hpp
code/mos_all_test_ws/src/navigation2/nav2_route/include/nav2_route/goal_intent_extractor.hpp	/home/shuochen/learning/mos_all_test_ws/src/navigation2/nav2_route/include/nav2_route/goal_intent_extractor.hpp
code/mos_all_test_ws/src/navigation2/nav2_route/include/nav2_route/goal_intent_search.hpp	/home/shuochen/learning/mos_all_test_ws/src/navigation2/nav2_route/include/nav2_route/goal_intent_search.hpp
code/mos_all_test_ws/src/navigation2/nav2_route/include/nav2_route/graph_loader.hpp	/home/shuochen/learning/mos_all_test_ws/src/navigation2/nav2_route/include/nav2_route/graph_loader.hpp
code/mos_all_test_ws/src/navigation2/nav2_route/include/nav2_route/graph_saver.hpp	/home/shuochen/learning/mos_all_test_ws/src/navigation2/nav2_route/include/nav2_route/graph_saver.hpp
code/mos_all_test_ws/src/navigation2/nav2_route/include/nav2_route/interfaces/edge_cost_function.hpp	/home/shuochen/learning/mos_all_test_ws/src/navigation2/nav2_route/include/nav2_route/interfaces/edge_cost_function.hpp
code/mos_all_test_ws/src/navigation2/nav2_route/include/nav2_route/interfaces/graph_file_loader.hpp	/home/shuochen/learning/mos_all_test_ws/src/navigation2/nav2_route/include/nav2_route/interfaces/graph_file_loader.hpp
code/mos_all_test_ws/src/navigation2/nav2_route/include/nav2_route/interfaces/graph_file_saver.hpp	/home/shuochen/learning/mos_all_test_ws/src/navigation2/nav2_route/include/nav2_route/interfaces/graph_file_saver.hpp
code/mos_all_test_ws/src/navigation2/nav2_route/include/nav2_route/interfaces/route_operation.hpp	/home/shuochen/learning/mos_all_test_ws/src/navigation2/nav2_route/include/nav2_route/interfaces/route_operation.hpp
code/mos_all_test_ws/src/navigation2/nav2_route/include/nav2_route/node_spatial_tree.hpp	/home/shuochen/learning/mos_all_test_ws/src/navigation2/nav2_route/include/nav2_route/node_spatial_tree.hpp
code/mos_all_test_ws/src/navigation2/nav2_route/include/nav2_route/operations_manager.hpp	/home/shuochen/learning/mos_all_test_ws/src/navigation2/nav2_route/include/nav2_route/operations_manager.hpp
code/mos_all_test_ws/src/navigation2/nav2_route/include/nav2_route/path_converter.hpp	/home/shuochen/learning/mos_all_test_ws/src/navigation2/nav2_route/include/nav2_route/path_converter.hpp
code/mos_all_test_ws/src/navigation2/nav2_route/include/nav2_route/plugins/edge_cost_functions/costmap_scorer.hpp	/home/shuochen/learning/mos_all_test_ws/src/navigation2/nav2_route/include/nav2_route/plugins/edge_cost_functions/costmap_scorer.hpp
code/mos_all_test_ws/src/navigation2/nav2_route/include/nav2_route/plugins/edge_cost_functions/distance_scorer.hpp	/home/shuochen/learning/mos_all_test_ws/src/navigation2/nav2_route/include/nav2_route/plugins/edge_cost_functions/distance_scorer.hpp
code/mos_all_test_ws/src/navigation2/nav2_route/include/nav2_route/plugins/edge_cost_functions/dynamic_edges_scorer.hpp	/home/shuochen/learning/mos_all_test_ws/src/navigation2/nav2_route/include/nav2_route/plugins/edge_cost_functions/dynamic_edges_scorer.hpp
code/mos_all_test_ws/src/navigation2/nav2_route/include/nav2_route/plugins/edge_cost_functions/goal_orientation_scorer.hpp	/home/shuochen/learning/mos_all_test_ws/src/navigation2/nav2_route/include/nav2_route/plugins/edge_cost_functions/goal_orientation_scorer.hpp
code/mos_all_test_ws/src/navigation2/nav2_route/include/nav2_route/plugins/edge_cost_functions/penalty_scorer.hpp	/home/shuochen/learning/mos_all_test_ws/src/navigation2/nav2_route/include/nav2_route/plugins/edge_cost_functions/penalty_scorer.hpp
code/mos_all_test_ws/src/navigation2/nav2_route/include/nav2_route/plugins/edge_cost_functions/semantic_scorer.hpp	/home/shuochen/learning/mos_all_test_ws/src/navigation2/nav2_route/include/nav2_route/plugins/edge_cost_functions/semantic_scorer.hpp
code/mos_all_test_ws/src/navigation2/nav2_route/include/nav2_route/plugins/edge_cost_functions/start_pose_orientation_scorer.hpp	/home/shuochen/learning/mos_all_test_ws/src/navigation2/nav2_route/include/nav2_route/plugins/edge_cost_functions/start_pose_orientation_scorer.hpp
code/mos_all_test_ws/src/navigation2/nav2_route/include/nav2_route/plugins/edge_cost_functions/time_scorer.hpp	/home/shuochen/learning/mos_all_test_ws/src/navigation2/nav2_route/include/nav2_route/plugins/edge_cost_functions/time_scorer.hpp
code/mos_all_test_ws/src/navigation2/nav2_route/include/nav2_route/plugins/graph_file_loaders/geojson_graph_file_loader.hpp	/home/shuochen/learning/mos_all_test_ws/src/navigation2/nav2_route/include/nav2_route/plugins/graph_file_loaders/geojson_graph_file_loader.hpp
code/mos_all_test_ws/src/navigation2/nav2_route/include/nav2_route/plugins/graph_file_savers/geojson_graph_file_saver.hpp	/home/shuochen/learning/mos_all_test_ws/src/navigation2/nav2_route/include/nav2_route/plugins/graph_file_savers/geojson_graph_file_saver.hpp
code/mos_all_test_ws/src/navigation2/nav2_route/include/nav2_route/plugins/route_operation_client.hpp	/home/shuochen/learning/mos_all_test_ws/src/navigation2/nav2_route/include/nav2_route/plugins/route_operation_client.hpp
code/mos_all_test_ws/src/navigation2/nav2_route/include/nav2_route/plugins/route_operations/adjust_speed_limit.hpp	/home/shuochen/learning/mos_all_test_ws/src/navigation2/nav2_route/include/nav2_route/plugins/route_operations/adjust_speed_limit.hpp
code/mos_all_test_ws/src/navigation2/nav2_route/include/nav2_route/plugins/route_operations/collision_monitor.hpp	/home/shuochen/learning/mos_all_test_ws/src/navigation2/nav2_route/include/nav2_route/plugins/route_operations/collision_monitor.hpp
code/mos_all_test_ws/src/navigation2/nav2_route/include/nav2_route/plugins/route_operations/rerouting_service.hpp	/home/shuochen/learning/mos_all_test_ws/src/navigation2/nav2_route/include/nav2_route/plugins/route_operations/rerouting_service.hpp
code/mos_all_test_ws/src/navigation2/nav2_route/include/nav2_route/plugins/route_operations/time_marker.hpp	/home/shuochen/learning/mos_all_test_ws/src/navigation2/nav2_route/include/nav2_route/plugins/route_operations/time_marker.hpp
code/mos_all_test_ws/src/navigation2/nav2_route/include/nav2_route/plugins/route_operations/trigger_event.hpp	/home/shuochen/learning/mos_all_test_ws/src/navigation2/nav2_route/include/nav2_route/plugins/route_operations/trigger_event.hpp
code/mos_all_test_ws/src/navigation2/nav2_route/include/nav2_route/route_planner.hpp	/home/shuochen/learning/mos_all_test_ws/src/navigation2/nav2_route/include/nav2_route/route_planner.hpp
code/mos_all_test_ws/src/navigation2/nav2_route/include/nav2_route/route_server.hpp	/home/shuochen/learning/mos_all_test_ws/src/navigation2/nav2_route/include/nav2_route/route_server.hpp
code/mos_all_test_ws/src/navigation2/nav2_route/include/nav2_route/route_tracker.hpp	/home/shuochen/learning/mos_all_test_ws/src/navigation2/nav2_route/include/nav2_route/route_tracker.hpp
code/mos_all_test_ws/src/navigation2/nav2_route/include/nav2_route/types.hpp	/home/shuochen/learning/mos_all_test_ws/src/navigation2/nav2_route/include/nav2_route/types.hpp
code/mos_all_test_ws/src/navigation2/nav2_route/include/nav2_route/utils.hpp	/home/shuochen/learning/mos_all_test_ws/src/navigation2/nav2_route/include/nav2_route/utils.hpp
code/mos_all_test_ws/src/navigation2/nav2_route/media/architecture.png	/home/shuochen/learning/mos_all_test_ws/src/navigation2/nav2_route/media/architecture.png
code/mos_all_test_ws/src/navigation2/nav2_route/package.xml	/home/shuochen/learning/mos_all_test_ws/src/navigation2/nav2_route/package.xml
code/mos_all_test_ws/src/navigation2/nav2_route/plugins.xml	/home/shuochen/learning/mos_all_test_ws/src/navigation2/nav2_route/plugins.xml
code/mos_all_test_ws/src/navigation2/nav2_route/src/edge_scorer.cpp	/home/shuochen/learning/mos_all_test_ws/src/navigation2/nav2_route/src/edge_scorer.cpp
code/mos_all_test_ws/src/navigation2/nav2_route/src/goal_intent_extractor.cpp	/home/shuochen/learning/mos_all_test_ws/src/navigation2/nav2_route/src/goal_intent_extractor.cpp
code/mos_all_test_ws/src/navigation2/nav2_route/src/graph_loader.cpp	/home/shuochen/learning/mos_all_test_ws/src/navigation2/nav2_route/src/graph_loader.cpp
code/mos_all_test_ws/src/navigation2/nav2_route/src/graph_saver.cpp	/home/shuochen/learning/mos_all_test_ws/src/navigation2/nav2_route/src/graph_saver.cpp
code/mos_all_test_ws/src/navigation2/nav2_route/src/main.cpp	/home/shuochen/learning/mos_all_test_ws/src/navigation2/nav2_route/src/main.cpp
code/mos_all_test_ws/src/navigation2/nav2_route/src/node_spatial_tree.cpp	/home/shuochen/learning/mos_all_test_ws/src/navigation2/nav2_route/src/node_spatial_tree.cpp
code/mos_all_test_ws/src/navigation2/nav2_route/src/operations_manager.cpp	/home/shuochen/learning/mos_all_test_ws/src/navigation2/nav2_route/src/operations_manager.cpp
code/mos_all_test_ws/src/navigation2/nav2_route/src/path_converter.cpp	/home/shuochen/learning/mos_all_test_ws/src/navigation2/nav2_route/src/path_converter.cpp
code/mos_all_test_ws/src/navigation2/nav2_route/src/plugins/edge_cost_functions/costmap_scorer.cpp	/home/shuochen/learning/mos_all_test_ws/src/navigation2/nav2_route/src/plugins/edge_cost_functions/costmap_scorer.cpp
code/mos_all_test_ws/src/navigation2/nav2_route/src/plugins/edge_cost_functions/distance_scorer.cpp	/home/shuochen/learning/mos_all_test_ws/src/navigation2/nav2_route/src/plugins/edge_cost_functions/distance_scorer.cpp
code/mos_all_test_ws/src/navigation2/nav2_route/src/plugins/edge_cost_functions/dynamic_edges_scorer.cpp	/home/shuochen/learning/mos_all_test_ws/src/navigation2/nav2_route/src/plugins/edge_cost_functions/dynamic_edges_scorer.cpp
code/mos_all_test_ws/src/navigation2/nav2_route/src/plugins/edge_cost_functions/goal_orientation_scorer.cpp	/home/shuochen/learning/mos_all_test_ws/src/navigation2/nav2_route/src/plugins/edge_cost_functions/goal_orientation_scorer.cpp
code/mos_all_test_ws/src/navigation2/nav2_route/src/plugins/edge_cost_functions/penalty_scorer.cpp	/home/shuochen/learning/mos_all_test_ws/src/navigation2/nav2_route/src/plugins/edge_cost_functions/penalty_scorer.cpp
code/mos_all_test_ws/src/navigation2/nav2_route/src/plugins/edge_cost_functions/semantic_scorer.cpp	/home/shuochen/learning/mos_all_test_ws/src/navigation2/nav2_route/src/plugins/edge_cost_functions/semantic_scorer.cpp
code/mos_all_test_ws/src/navigation2/nav2_route/src/plugins/edge_cost_functions/start_pose_orientation_scorer.cpp	/home/shuochen/learning/mos_all_test_ws/src/navigation2/nav2_route/src/plugins/edge_cost_functions/start_pose_orientation_scorer.cpp
code/mos_all_test_ws/src/navigation2/nav2_route/src/plugins/edge_cost_functions/time_scorer.cpp	/home/shuochen/learning/mos_all_test_ws/src/navigation2/nav2_route/src/plugins/edge_cost_functions/time_scorer.cpp
code/mos_all_test_ws/src/navigation2/nav2_route/src/plugins/graph_file_loaders/geojson_graph_file_loader.cpp	/home/shuochen/learning/mos_all_test_ws/src/navigation2/nav2_route/src/plugins/graph_file_loaders/geojson_graph_file_loader.cpp
code/mos_all_test_ws/src/navigation2/nav2_route/src/plugins/graph_file_savers/geojson_graph_file_saver.cpp	/home/shuochen/learning/mos_all_test_ws/src/navigation2/nav2_route/src/plugins/graph_file_savers/geojson_graph_file_saver.cpp
code/mos_all_test_ws/src/navigation2/nav2_route/src/plugins/route_operations/adjust_speed_limit.cpp	/home/shuochen/learning/mos_all_test_ws/src/navigation2/nav2_route/src/plugins/route_operations/adjust_speed_limit.cpp
code/mos_all_test_ws/src/navigation2/nav2_route/src/plugins/route_operations/collision_monitor.cpp	/home/shuochen/learning/mos_all_test_ws/src/navigation2/nav2_route/src/plugins/route_operations/collision_monitor.cpp
code/mos_all_test_ws/src/navigation2/nav2_route/src/plugins/route_operations/rerouting_service.cpp	/home/shuochen/learning/mos_all_test_ws/src/navigation2/nav2_route/src/plugins/route_operations/rerouting_service.cpp
code/mos_all_test_ws/src/navigation2/nav2_route/src/plugins/route_operations/time_marker.cpp	/home/shuochen/learning/mos_all_test_ws/src/navigation2/nav2_route/src/plugins/route_operations/time_marker.cpp
code/mos_all_test_ws/src/navigation2/nav2_route/src/plugins/route_operations/trigger_event.cpp	/home/shuochen/learning/mos_all_test_ws/src/navigation2/nav2_route/src/plugins/route_operations/trigger_event.cpp
code/mos_all_test_ws/src/navigation2/nav2_route/src/route_planner.cpp	/home/shuochen/learning/mos_all_test_ws/src/navigation2/nav2_route/src/route_planner.cpp
code/mos_all_test_ws/src/navigation2/nav2_route/src/route_server.cpp	/home/shuochen/learning/mos_all_test_ws/src/navigation2/nav2_route/src/route_server.cpp
code/mos_all_test_ws/src/navigation2/nav2_route/src/route_tracker.cpp	/home/shuochen/learning/mos_all_test_ws/src/navigation2/nav2_route/src/route_tracker.cpp
code/mos_all_test_ws/src/navigation2/nav2_route/test/CMakeLists.txt	/home/shuochen/learning/mos_all_test_ws/src/navigation2/nav2_route/test/CMakeLists.txt
code/mos_all_test_ws/src/navigation2/nav2_route/test/performance_benchmarking.cpp	/home/shuochen/learning/mos_all_test_ws/src/navigation2/nav2_route/test/performance_benchmarking.cpp
code/mos_all_test_ws/src/navigation2/nav2_route/test/test_collision_operation.cpp	/home/shuochen/learning/mos_all_test_ws/src/navigation2/nav2_route/test/test_collision_operation.cpp
code/mos_all_test_ws/src/navigation2/nav2_route/test/test_corner_smoothing.cpp	/home/shuochen/learning/mos_all_test_ws/src/navigation2/nav2_route/test/test_corner_smoothing.cpp
code/mos_all_test_ws/src/navigation2/nav2_route/test/test_edge_scorers.cpp	/home/shuochen/learning/mos_all_test_ws/src/navigation2/nav2_route/test/test_edge_scorers.cpp
code/mos_all_test_ws/src/navigation2/nav2_route/test/test_geojson_graph_file_loader.cpp	/home/shuochen/learning/mos_all_test_ws/src/navigation2/nav2_route/test/test_geojson_graph_file_loader.cpp
code/mos_all_test_ws/src/navigation2/nav2_route/test/test_geojson_graph_file_saver.cpp	/home/shuochen/learning/mos_all_test_ws/src/navigation2/nav2_route/test/test_geojson_graph_file_saver.cpp
code/mos_all_test_ws/src/navigation2/nav2_route/test/test_goal_intent_extractor.cpp	/home/shuochen/learning/mos_all_test_ws/src/navigation2/nav2_route/test/test_goal_intent_extractor.cpp
code/mos_all_test_ws/src/navigation2/nav2_route/test/test_goal_intent_search.cpp	/home/shuochen/learning/mos_all_test_ws/src/navigation2/nav2_route/test/test_goal_intent_search.cpp
code/mos_all_test_ws/src/navigation2/nav2_route/test/test_graph_loader.cpp	/home/shuochen/learning/mos_all_test_ws/src/navigation2/nav2_route/test/test_graph_loader.cpp
code/mos_all_test_ws/src/navigation2/nav2_route/test/test_graph_saver.cpp	/home/shuochen/learning/mos_all_test_ws/src/navigation2/nav2_route/test/test_graph_saver.cpp
code/mos_all_test_ws/src/navigation2/nav2_route/test/test_graphs/error_codes.geojson	/home/shuochen/learning/mos_all_test_ws/src/navigation2/nav2_route/test/test_graphs/error_codes.geojson
code/mos_all_test_ws/src/navigation2/nav2_route/test/test_graphs/invalid.json	/home/shuochen/learning/mos_all_test_ws/src/navigation2/nav2_route/test/test_graphs/invalid.json
code/mos_all_test_ws/src/navigation2/nav2_route/test/test_graphs/no_frame.json	/home/shuochen/learning/mos_all_test_ws/src/navigation2/nav2_route/test/test_graphs/no_frame.json
code/mos_all_test_ws/src/navigation2/nav2_route/test/test_operations.cpp	/home/shuochen/learning/mos_all_test_ws/src/navigation2/nav2_route/test/test_operations.cpp
code/mos_all_test_ws/src/navigation2/nav2_route/test/test_path_converter.cpp	/home/shuochen/learning/mos_all_test_ws/src/navigation2/nav2_route/test/test_path_converter.cpp
code/mos_all_test_ws/src/navigation2/nav2_route/test/test_route_planner.cpp	/home/shuochen/learning/mos_all_test_ws/src/navigation2/nav2_route/test/test_route_planner.cpp
code/mos_all_test_ws/src/navigation2/nav2_route/test/test_route_server.cpp	/home/shuochen/learning/mos_all_test_ws/src/navigation2/nav2_route/test/test_route_server.cpp
code/mos_all_test_ws/src/navigation2/nav2_route/test/test_route_tracker.cpp	/home/shuochen/learning/mos_all_test_ws/src/navigation2/nav2_route/test/test_route_tracker.cpp
code/mos_all_test_ws/src/navigation2/nav2_route/test/test_spatial_tree.cpp	/home/shuochen/learning/mos_all_test_ws/src/navigation2/nav2_route/test/test_spatial_tree.cpp
code/mos_all_test_ws/src/navigation2/nav2_route/test/test_utils_and_types.cpp	/home/shuochen/learning/mos_all_test_ws/src/navigation2/nav2_route/test/test_utils_and_types.cpp
code/mos_all_test_ws/src/navigation2/nav2_rviz_plugins/CMakeLists.txt	/home/shuochen/learning/mos_all_test_ws/src/navigation2/nav2_rviz_plugins/CMakeLists.txt
code/mos_all_test_ws/src/navigation2/nav2_rviz_plugins/include/nav2_rviz_plugins/goal_common.hpp	/home/shuochen/learning/mos_all_test_ws/src/navigation2/nav2_rviz_plugins/include/nav2_rviz_plugins/goal_common.hpp
code/mos_all_test_ws/src/navigation2/nav2_rviz_plugins/include/nav2_rviz_plugins/goal_pose_updater.hpp	/home/shuochen/learning/mos_all_test_ws/src/navigation2/nav2_rviz_plugins/include/nav2_rviz_plugins/goal_pose_updater.hpp
code/mos_all_test_ws/src/navigation2/nav2_rviz_plugins/include/nav2_rviz_plugins/goal_tool.hpp	/home/shuochen/learning/mos_all_test_ws/src/navigation2/nav2_rviz_plugins/include/nav2_rviz_plugins/goal_tool.hpp
code/mos_all_test_ws/src/navigation2/nav2_rviz_plugins/include/nav2_rviz_plugins/nav2_panel.hpp	/home/shuochen/learning/mos_all_test_ws/src/navigation2/nav2_rviz_plugins/include/nav2_rviz_plugins/nav2_panel.hpp
code/mos_all_test_ws/src/navigation2/nav2_rviz_plugins/include/nav2_rviz_plugins/particle_cloud_display/flat_weighted_arrows_array.hpp	/home/shuochen/learning/mos_all_test_ws/src/navigation2/nav2_rviz_plugins/include/nav2_rviz_plugins/particle_cloud_display/flat_weighted_arrows_array.hpp
code/mos_all_test_ws/src/navigation2/nav2_rviz_plugins/include/nav2_rviz_plugins/particle_cloud_display/particle_cloud_display.hpp	/home/shuochen/learning/mos_all_test_ws/src/navigation2/nav2_rviz_plugins/include/nav2_rviz_plugins/particle_cloud_display/particle_cloud_display.hpp
code/mos_all_test_ws/src/navigation2/nav2_rviz_plugins/include/nav2_rviz_plugins/ros_action_qevent.hpp	/home/shuochen/learning/mos_all_test_ws/src/navigation2/nav2_rviz_plugins/include/nav2_rviz_plugins/ros_action_qevent.hpp
code/mos_all_test_ws/src/navigation2/nav2_rviz_plugins/package.xml	/home/shuochen/learning/mos_all_test_ws/src/navigation2/nav2_rviz_plugins/package.xml
code/mos_all_test_ws/src/navigation2/nav2_rviz_plugins/plugins_description.xml	/home/shuochen/learning/mos_all_test_ws/src/navigation2/nav2_rviz_plugins/plugins_description.xml
code/mos_all_test_ws/src/navigation2/nav2_rviz_plugins/src/goal_tool.cpp	/home/shuochen/learning/mos_all_test_ws/src/navigation2/nav2_rviz_plugins/src/goal_tool.cpp
code/mos_all_test_ws/src/navigation2/nav2_rviz_plugins/src/nav2_panel.cpp	/home/shuochen/learning/mos_all_test_ws/src/navigation2/nav2_rviz_plugins/src/nav2_panel.cpp
code/mos_all_test_ws/src/navigation2/nav2_rviz_plugins/src/particle_cloud_display/flat_weighted_arrows_array.cpp	/home/shuochen/learning/mos_all_test_ws/src/navigation2/nav2_rviz_plugins/src/particle_cloud_display/flat_weighted_arrows_array.cpp
code/mos_all_test_ws/src/navigation2/nav2_rviz_plugins/src/particle_cloud_display/particle_cloud_display.cpp	/home/shuochen/learning/mos_all_test_ws/src/navigation2/nav2_rviz_plugins/src/particle_cloud_display/particle_cloud_display.cpp
code/mos_all_test_ws/src/navigation2/nav2_simple_commander/README.md	/home/shuochen/learning/mos_all_test_ws/src/navigation2/nav2_simple_commander/README.md
code/mos_all_test_ws/src/navigation2/nav2_simple_commander/launch/assisted_teleop_example_launch.py	/home/shuochen/learning/mos_all_test_ws/src/navigation2/nav2_simple_commander/launch/assisted_teleop_example_launch.py
code/mos_all_test_ws/src/navigation2/nav2_simple_commander/launch/follow_path_example_launch.py	/home/shuochen/learning/mos_all_test_ws/src/navigation2/nav2_simple_commander/launch/follow_path_example_launch.py
code/mos_all_test_ws/src/navigation2/nav2_simple_commander/launch/inspection_demo_launch.py	/home/shuochen/learning/mos_all_test_ws/src/navigation2/nav2_simple_commander/launch/inspection_demo_launch.py
code/mos_all_test_ws/src/navigation2/nav2_simple_commander/launch/nav_through_poses_example_launch.py	/home/shuochen/learning/mos_all_test_ws/src/navigation2/nav2_simple_commander/launch/nav_through_poses_example_launch.py
code/mos_all_test_ws/src/navigation2/nav2_simple_commander/launch/nav_to_pose_example_launch.py	/home/shuochen/learning/mos_all_test_ws/src/navigation2/nav2_simple_commander/launch/nav_to_pose_example_launch.py
code/mos_all_test_ws/src/navigation2/nav2_simple_commander/launch/picking_demo_launch.py	/home/shuochen/learning/mos_all_test_ws/src/navigation2/nav2_simple_commander/launch/picking_demo_launch.py
code/mos_all_test_ws/src/navigation2/nav2_simple_commander/launch/recoveries_example_launch.py	/home/shuochen/learning/mos_all_test_ws/src/navigation2/nav2_simple_commander/launch/recoveries_example_launch.py
code/mos_all_test_ws/src/navigation2/nav2_simple_commander/launch/security_demo_launch.py	/home/shuochen/learning/mos_all_test_ws/src/navigation2/nav2_simple_commander/launch/security_demo_launch.py
code/mos_all_test_ws/src/navigation2/nav2_simple_commander/launch/warehouse.world	/home/shuochen/learning/mos_all_test_ws/src/navigation2/nav2_simple_commander/launch/warehouse.world
code/mos_all_test_ws/src/navigation2/nav2_simple_commander/launch/waypoint_follower_example_launch.py	/home/shuochen/learning/mos_all_test_ws/src/navigation2/nav2_simple_commander/launch/waypoint_follower_example_launch.py
code/mos_all_test_ws/src/navigation2/nav2_simple_commander/media/readme.gif	/home/shuochen/learning/mos_all_test_ws/src/navigation2/nav2_simple_commander/media/readme.gif
code/mos_all_test_ws/src/navigation2/nav2_simple_commander/nav2_simple_commander/__init__.py	/home/shuochen/learning/mos_all_test_ws/src/navigation2/nav2_simple_commander/nav2_simple_commander/__init__.py
code/mos_all_test_ws/src/navigation2/nav2_simple_commander/nav2_simple_commander/costmap_2d.py	/home/shuochen/learning/mos_all_test_ws/src/navigation2/nav2_simple_commander/nav2_simple_commander/costmap_2d.py
code/mos_all_test_ws/src/navigation2/nav2_simple_commander/nav2_simple_commander/demo_inspection.py	/home/shuochen/learning/mos_all_test_ws/src/navigation2/nav2_simple_commander/nav2_simple_commander/demo_inspection.py
code/mos_all_test_ws/src/navigation2/nav2_simple_commander/nav2_simple_commander/demo_picking.py	/home/shuochen/learning/mos_all_test_ws/src/navigation2/nav2_simple_commander/nav2_simple_commander/demo_picking.py
code/mos_all_test_ws/src/navigation2/nav2_simple_commander/nav2_simple_commander/demo_recoveries.py	/home/shuochen/learning/mos_all_test_ws/src/navigation2/nav2_simple_commander/nav2_simple_commander/demo_recoveries.py
code/mos_all_test_ws/src/navigation2/nav2_simple_commander/nav2_simple_commander/demo_security.py	/home/shuochen/learning/mos_all_test_ws/src/navigation2/nav2_simple_commander/nav2_simple_commander/demo_security.py
code/mos_all_test_ws/src/navigation2/nav2_simple_commander/nav2_simple_commander/example_assisted_teleop.py	/home/shuochen/learning/mos_all_test_ws/src/navigation2/nav2_simple_commander/nav2_simple_commander/example_assisted_teleop.py
code/mos_all_test_ws/src/navigation2/nav2_simple_commander/nav2_simple_commander/example_follow_path.py	/home/shuochen/learning/mos_all_test_ws/src/navigation2/nav2_simple_commander/nav2_simple_commander/example_follow_path.py
code/mos_all_test_ws/src/navigation2/nav2_simple_commander/nav2_simple_commander/example_nav_through_poses.py	/home/shuochen/learning/mos_all_test_ws/src/navigation2/nav2_simple_commander/nav2_simple_commander/example_nav_through_poses.py
code/mos_all_test_ws/src/navigation2/nav2_simple_commander/nav2_simple_commander/example_nav_to_pose.py	/home/shuochen/learning/mos_all_test_ws/src/navigation2/nav2_simple_commander/nav2_simple_commander/example_nav_to_pose.py
code/mos_all_test_ws/src/navigation2/nav2_simple_commander/nav2_simple_commander/example_waypoint_follower.py	/home/shuochen/learning/mos_all_test_ws/src/navigation2/nav2_simple_commander/nav2_simple_commander/example_waypoint_follower.py
code/mos_all_test_ws/src/navigation2/nav2_simple_commander/nav2_simple_commander/footprint_collision_checker.py	/home/shuochen/learning/mos_all_test_ws/src/navigation2/nav2_simple_commander/nav2_simple_commander/footprint_collision_checker.py
code/mos_all_test_ws/src/navigation2/nav2_simple_commander/nav2_simple_commander/line_iterator.py	/home/shuochen/learning/mos_all_test_ws/src/navigation2/nav2_simple_commander/nav2_simple_commander/line_iterator.py
code/mos_all_test_ws/src/navigation2/nav2_simple_commander/nav2_simple_commander/robot_navigator.py	/home/shuochen/learning/mos_all_test_ws/src/navigation2/nav2_simple_commander/nav2_simple_commander/robot_navigator.py
code/mos_all_test_ws/src/navigation2/nav2_simple_commander/package.xml	/home/shuochen/learning/mos_all_test_ws/src/navigation2/nav2_simple_commander/package.xml
code/mos_all_test_ws/src/navigation2/nav2_simple_commander/pytest.ini	/home/shuochen/learning/mos_all_test_ws/src/navigation2/nav2_simple_commander/pytest.ini
code/mos_all_test_ws/src/navigation2/nav2_simple_commander/resource/nav2_simple_commander	/home/shuochen/learning/mos_all_test_ws/src/navigation2/nav2_simple_commander/resource/nav2_simple_commander
code/mos_all_test_ws/src/navigation2/nav2_simple_commander/setup.cfg	/home/shuochen/learning/mos_all_test_ws/src/navigation2/nav2_simple_commander/setup.cfg
code/mos_all_test_ws/src/navigation2/nav2_simple_commander/setup.py	/home/shuochen/learning/mos_all_test_ws/src/navigation2/nav2_simple_commander/setup.py
code/mos_all_test_ws/src/navigation2/nav2_simple_commander/test/test_copyright.py	/home/shuochen/learning/mos_all_test_ws/src/navigation2/nav2_simple_commander/test/test_copyright.py
code/mos_all_test_ws/src/navigation2/nav2_simple_commander/test/test_flake8.py	/home/shuochen/learning/mos_all_test_ws/src/navigation2/nav2_simple_commander/test/test_flake8.py
code/mos_all_test_ws/src/navigation2/nav2_simple_commander/test/test_line_iterator.py	/home/shuochen/learning/mos_all_test_ws/src/navigation2/nav2_simple_commander/test/test_line_iterator.py
code/mos_all_test_ws/src/navigation2/nav2_simple_commander/test/test_pep257.py	/home/shuochen/learning/mos_all_test_ws/src/navigation2/nav2_simple_commander/test/test_pep257.py
code/mos_all_test_ws/src/navigation2/nav2_smac_planner/CMakeLists.txt	/home/shuochen/learning/mos_all_test_ws/src/navigation2/nav2_smac_planner/CMakeLists.txt
code/mos_all_test_ws/src/navigation2/nav2_smac_planner/README.md	/home/shuochen/learning/mos_all_test_ws/src/navigation2/nav2_smac_planner/README.md
code/mos_all_test_ws/src/navigation2/nav2_smac_planner/include/nav2_smac_planner/a_star.hpp	/home/shuochen/learning/mos_all_test_ws/src/navigation2/nav2_smac_planner/include/nav2_smac_planner/a_star.hpp
code/mos_all_test_ws/src/navigation2/nav2_smac_planner/include/nav2_smac_planner/analytic_expansion.hpp	/home/shuochen/learning/mos_all_test_ws/src/navigation2/nav2_smac_planner/include/nav2_smac_planner/analytic_expansion.hpp
code/mos_all_test_ws/src/navigation2/nav2_smac_planner/include/nav2_smac_planner/collision_checker.hpp	/home/shuochen/learning/mos_all_test_ws/src/navigation2/nav2_smac_planner/include/nav2_smac_planner/collision_checker.hpp
code/mos_all_test_ws/src/navigation2/nav2_smac_planner/include/nav2_smac_planner/constants.hpp	/home/shuochen/learning/mos_all_test_ws/src/navigation2/nav2_smac_planner/include/nav2_smac_planner/constants.hpp
code/mos_all_test_ws/src/navigation2/nav2_smac_planner/include/nav2_smac_planner/costmap_downsampler.hpp	/home/shuochen/learning/mos_all_test_ws/src/navigation2/nav2_smac_planner/include/nav2_smac_planner/costmap_downsampler.hpp
code/mos_all_test_ws/src/navigation2/nav2_smac_planner/include/nav2_smac_planner/node_2d.hpp	/home/shuochen/learning/mos_all_test_ws/src/navigation2/nav2_smac_planner/include/nav2_smac_planner/node_2d.hpp
code/mos_all_test_ws/src/navigation2/nav2_smac_planner/include/nav2_smac_planner/node_basic.hpp	/home/shuochen/learning/mos_all_test_ws/src/navigation2/nav2_smac_planner/include/nav2_smac_planner/node_basic.hpp
code/mos_all_test_ws/src/navigation2/nav2_smac_planner/include/nav2_smac_planner/node_hybrid.hpp	/home/shuochen/learning/mos_all_test_ws/src/navigation2/nav2_smac_planner/include/nav2_smac_planner/node_hybrid.hpp
code/mos_all_test_ws/src/navigation2/nav2_smac_planner/include/nav2_smac_planner/node_lattice.hpp	/home/shuochen/learning/mos_all_test_ws/src/navigation2/nav2_smac_planner/include/nav2_smac_planner/node_lattice.hpp
code/mos_all_test_ws/src/navigation2/nav2_smac_planner/include/nav2_smac_planner/smac_planner_2d.hpp	/home/shuochen/learning/mos_all_test_ws/src/navigation2/nav2_smac_planner/include/nav2_smac_planner/smac_planner_2d.hpp
code/mos_all_test_ws/src/navigation2/nav2_smac_planner/include/nav2_smac_planner/smac_planner_hybrid.hpp	/home/shuochen/learning/mos_all_test_ws/src/navigation2/nav2_smac_planner/include/nav2_smac_planner/smac_planner_hybrid.hpp
code/mos_all_test_ws/src/navigation2/nav2_smac_planner/include/nav2_smac_planner/smac_planner_lattice.hpp	/home/shuochen/learning/mos_all_test_ws/src/navigation2/nav2_smac_planner/include/nav2_smac_planner/smac_planner_lattice.hpp
code/mos_all_test_ws/src/navigation2/nav2_smac_planner/include/nav2_smac_planner/smoother.hpp	/home/shuochen/learning/mos_all_test_ws/src/navigation2/nav2_smac_planner/include/nav2_smac_planner/smoother.hpp
code/mos_all_test_ws/src/navigation2/nav2_smac_planner/include/nav2_smac_planner/thirdparty/robin_hood.h	/home/shuochen/learning/mos_all_test_ws/src/navigation2/nav2_smac_planner/include/nav2_smac_planner/thirdparty/robin_hood.h
code/mos_all_test_ws/src/navigation2/nav2_smac_planner/include/nav2_smac_planner/types.hpp	/home/shuochen/learning/mos_all_test_ws/src/navigation2/nav2_smac_planner/include/nav2_smac_planner/types.hpp
code/mos_all_test_ws/src/navigation2/nav2_smac_planner/include/nav2_smac_planner/utils.hpp	/home/shuochen/learning/mos_all_test_ws/src/navigation2/nav2_smac_planner/include/nav2_smac_planner/utils.hpp
code/mos_all_test_ws/src/navigation2/nav2_smac_planner/lattice_primitives/README.md	/home/shuochen/learning/mos_all_test_ws/src/navigation2/nav2_smac_planner/lattice_primitives/README.md
code/mos_all_test_ws/src/navigation2/nav2_smac_planner/lattice_primitives/config.json	/home/shuochen/learning/mos_all_test_ws/src/navigation2/nav2_smac_planner/lattice_primitives/config.json
code/mos_all_test_ws/src/navigation2/nav2_smac_planner/lattice_primitives/constants.py	/home/shuochen/learning/mos_all_test_ws/src/navigation2/nav2_smac_planner/lattice_primitives/constants.py
code/mos_all_test_ws/src/navigation2/nav2_smac_planner/lattice_primitives/docs/all_trajectories.png	/home/shuochen/learning/mos_all_test_ws/src/navigation2/nav2_smac_planner/lattice_primitives/docs/all_trajectories.png
code/mos_all_test_ws/src/navigation2/nav2_smac_planner/lattice_primitives/docs/angle_discretization.png	/home/shuochen/learning/mos_all_test_ws/src/navigation2/nav2_smac_planner/lattice_primitives/docs/angle_discretization.png
code/mos_all_test_ws/src/navigation2/nav2_smac_planner/lattice_primitives/generate_motion_primitives.py	/home/shuochen/learning/mos_all_test_ws/src/navigation2/nav2_smac_planner/lattice_primitives/generate_motion_primitives.py
code/mos_all_test_ws/src/navigation2/nav2_smac_planner/lattice_primitives/helper.py	/home/shuochen/learning/mos_all_test_ws/src/navigation2/nav2_smac_planner/lattice_primitives/helper.py
code/mos_all_test_ws/src/navigation2/nav2_smac_planner/lattice_primitives/lattice_generator.py	/home/shuochen/learning/mos_all_test_ws/src/navigation2/nav2_smac_planner/lattice_primitives/lattice_generator.py
code/mos_all_test_ws/src/navigation2/nav2_smac_planner/lattice_primitives/requirements.txt	/home/shuochen/learning/mos_all_test_ws/src/navigation2/nav2_smac_planner/lattice_primitives/requirements.txt
code/mos_all_test_ws/src/navigation2/nav2_smac_planner/lattice_primitives/sample_primitives/5cm_resolution/0.5m_turning_radius/ackermann/output.json	/home/shuochen/learning/mos_all_test_ws/src/navigation2/nav2_smac_planner/lattice_primitives/sample_primitives/5cm_resolution/0.5m_turning_radius/ackermann/output.json
code/mos_all_test_ws/src/navigation2/nav2_smac_planner/lattice_primitives/sample_primitives/5cm_resolution/0.5m_turning_radius/all_trajectories.png	/home/shuochen/learning/mos_all_test_ws/src/navigation2/nav2_smac_planner/lattice_primitives/sample_primitives/5cm_resolution/0.5m_turning_radius/all_trajectories.png
code/mos_all_test_ws/src/navigation2/nav2_smac_planner/lattice_primitives/sample_primitives/5cm_resolution/0.5m_turning_radius/diff/output.json	/home/shuochen/learning/mos_all_test_ws/src/navigation2/nav2_smac_planner/lattice_primitives/sample_primitives/5cm_resolution/0.5m_turning_radius/diff/output.json
code/mos_all_test_ws/src/navigation2/nav2_smac_planner/lattice_primitives/sample_primitives/5cm_resolution/0.5m_turning_radius/omni/output.json	/home/shuochen/learning/mos_all_test_ws/src/navigation2/nav2_smac_planner/lattice_primitives/sample_primitives/5cm_resolution/0.5m_turning_radius/omni/output.json
code/mos_all_test_ws/src/navigation2/nav2_smac_planner/lattice_primitives/sample_primitives/5cm_resolution/1m_turning_radius/ackermann/output.json	/home/shuochen/learning/mos_all_test_ws/src/navigation2/nav2_smac_planner/lattice_primitives/sample_primitives/5cm_resolution/1m_turning_radius/ackermann/output.json
code/mos_all_test_ws/src/navigation2/nav2_smac_planner/lattice_primitives/sample_primitives/5cm_resolution/1m_turning_radius/all_trajectories.png	/home/shuochen/learning/mos_all_test_ws/src/navigation2/nav2_smac_planner/lattice_primitives/sample_primitives/5cm_resolution/1m_turning_radius/all_trajectories.png
code/mos_all_test_ws/src/navigation2/nav2_smac_planner/lattice_primitives/sample_primitives/5cm_resolution/1m_turning_radius/diff/output.json	/home/shuochen/learning/mos_all_test_ws/src/navigation2/nav2_smac_planner/lattice_primitives/sample_primitives/5cm_resolution/1m_turning_radius/diff/output.json
code/mos_all_test_ws/src/navigation2/nav2_smac_planner/lattice_primitives/sample_primitives/5cm_resolution/1m_turning_radius/omni/output.json	/home/shuochen/learning/mos_all_test_ws/src/navigation2/nav2_smac_planner/lattice_primitives/sample_primitives/5cm_resolution/1m_turning_radius/omni/output.json
code/mos_all_test_ws/src/navigation2/nav2_smac_planner/lattice_primitives/tests/test_lattice_generator.py	/home/shuochen/learning/mos_all_test_ws/src/navigation2/nav2_smac_planner/lattice_primitives/tests/test_lattice_generator.py
code/mos_all_test_ws/src/navigation2/nav2_smac_planner/lattice_primitives/tests/test_trajectory_generator.py	/home/shuochen/learning/mos_all_test_ws/src/navigation2/nav2_smac_planner/lattice_primitives/tests/test_trajectory_generator.py
code/mos_all_test_ws/src/navigation2/nav2_smac_planner/lattice_primitives/tests/trajectory_visualizer.py	/home/shuochen/learning/mos_all_test_ws/src/navigation2/nav2_smac_planner/lattice_primitives/tests/trajectory_visualizer.py
code/mos_all_test_ws/src/navigation2/nav2_smac_planner/lattice_primitives/trajectory.py	/home/shuochen/learning/mos_all_test_ws/src/navigation2/nav2_smac_planner/lattice_primitives/trajectory.py
code/mos_all_test_ws/src/navigation2/nav2_smac_planner/lattice_primitives/trajectory_generator.py	/home/shuochen/learning/mos_all_test_ws/src/navigation2/nav2_smac_planner/lattice_primitives/trajectory_generator.py
code/mos_all_test_ws/src/navigation2/nav2_smac_planner/media/A.png	/home/shuochen/learning/mos_all_test_ws/src/navigation2/nav2_smac_planner/media/A.png
code/mos_all_test_ws/src/navigation2/nav2_smac_planner/media/B.png	/home/shuochen/learning/mos_all_test_ws/src/navigation2/nav2_smac_planner/media/B.png
code/mos_all_test_ws/src/navigation2/nav2_smac_planner/package.xml	/home/shuochen/learning/mos_all_test_ws/src/navigation2/nav2_smac_planner/package.xml
code/mos_all_test_ws/src/navigation2/nav2_smac_planner/smac_plugin_2d.xml	/home/shuochen/learning/mos_all_test_ws/src/navigation2/nav2_smac_planner/smac_plugin_2d.xml
code/mos_all_test_ws/src/navigation2/nav2_smac_planner/smac_plugin_hybrid.xml	/home/shuochen/learning/mos_all_test_ws/src/navigation2/nav2_smac_planner/smac_plugin_hybrid.xml
code/mos_all_test_ws/src/navigation2/nav2_smac_planner/smac_plugin_lattice.xml	/home/shuochen/learning/mos_all_test_ws/src/navigation2/nav2_smac_planner/smac_plugin_lattice.xml
code/mos_all_test_ws/src/navigation2/nav2_smac_planner/src/a_star.cpp	/home/shuochen/learning/mos_all_test_ws/src/navigation2/nav2_smac_planner/src/a_star.cpp
code/mos_all_test_ws/src/navigation2/nav2_smac_planner/src/analytic_expansion.cpp	/home/shuochen/learning/mos_all_test_ws/src/navigation2/nav2_smac_planner/src/analytic_expansion.cpp
code/mos_all_test_ws/src/navigation2/nav2_smac_planner/src/collision_checker.cpp	/home/shuochen/learning/mos_all_test_ws/src/navigation2/nav2_smac_planner/src/collision_checker.cpp
code/mos_all_test_ws/src/navigation2/nav2_smac_planner/src/costmap_downsampler.cpp	/home/shuochen/learning/mos_all_test_ws/src/navigation2/nav2_smac_planner/src/costmap_downsampler.cpp
code/mos_all_test_ws/src/navigation2/nav2_smac_planner/src/node_2d.cpp	/home/shuochen/learning/mos_all_test_ws/src/navigation2/nav2_smac_planner/src/node_2d.cpp
code/mos_all_test_ws/src/navigation2/nav2_smac_planner/src/node_basic.cpp	/home/shuochen/learning/mos_all_test_ws/src/navigation2/nav2_smac_planner/src/node_basic.cpp
code/mos_all_test_ws/src/navigation2/nav2_smac_planner/src/node_hybrid.cpp	/home/shuochen/learning/mos_all_test_ws/src/navigation2/nav2_smac_planner/src/node_hybrid.cpp
code/mos_all_test_ws/src/navigation2/nav2_smac_planner/src/node_lattice.cpp	/home/shuochen/learning/mos_all_test_ws/src/navigation2/nav2_smac_planner/src/node_lattice.cpp
code/mos_all_test_ws/src/navigation2/nav2_smac_planner/src/smac_planner_2d.cpp	/home/shuochen/learning/mos_all_test_ws/src/navigation2/nav2_smac_planner/src/smac_planner_2d.cpp
code/mos_all_test_ws/src/navigation2/nav2_smac_planner/src/smac_planner_hybrid.cpp	/home/shuochen/learning/mos_all_test_ws/src/navigation2/nav2_smac_planner/src/smac_planner_hybrid.cpp
code/mos_all_test_ws/src/navigation2/nav2_smac_planner/src/smac_planner_lattice.cpp	/home/shuochen/learning/mos_all_test_ws/src/navigation2/nav2_smac_planner/src/smac_planner_lattice.cpp
code/mos_all_test_ws/src/navigation2/nav2_smac_planner/src/smoother.cpp	/home/shuochen/learning/mos_all_test_ws/src/navigation2/nav2_smac_planner/src/smoother.cpp
code/mos_all_test_ws/src/navigation2/nav2_smac_planner/test/3planners.png	/home/shuochen/learning/mos_all_test_ws/src/navigation2/nav2_smac_planner/test/3planners.png
code/mos_all_test_ws/src/navigation2/nav2_smac_planner/test/CMakeLists.txt	/home/shuochen/learning/mos_all_test_ws/src/navigation2/nav2_smac_planner/test/CMakeLists.txt
code/mos_all_test_ws/src/navigation2/nav2_smac_planner/test/deprecated/options.hpp	/home/shuochen/learning/mos_all_test_ws/src/navigation2/nav2_smac_planner/test/deprecated/options.hpp
code/mos_all_test_ws/src/navigation2/nav2_smac_planner/test/deprecated/smoother.hpp	/home/shuochen/learning/mos_all_test_ws/src/navigation2/nav2_smac_planner/test/deprecated/smoother.hpp
code/mos_all_test_ws/src/navigation2/nav2_smac_planner/test/deprecated/smoother_cost_function.hpp	/home/shuochen/learning/mos_all_test_ws/src/navigation2/nav2_smac_planner/test/deprecated/smoother_cost_function.hpp
code/mos_all_test_ws/src/navigation2/nav2_smac_planner/test/deprecated/upsampler.hpp	/home/shuochen/learning/mos_all_test_ws/src/navigation2/nav2_smac_planner/test/deprecated/upsampler.hpp
code/mos_all_test_ws/src/navigation2/nav2_smac_planner/test/deprecated/upsampler_cost_function.hpp	/home/shuochen/learning/mos_all_test_ws/src/navigation2/nav2_smac_planner/test/deprecated/upsampler_cost_function.hpp
code/mos_all_test_ws/src/navigation2/nav2_smac_planner/test/deprecated/upsampler_cost_function_nlls.hpp	/home/shuochen/learning/mos_all_test_ws/src/navigation2/nav2_smac_planner/test/deprecated/upsampler_cost_function_nlls.hpp
code/mos_all_test_ws/src/navigation2/nav2_smac_planner/test/path.png	/home/shuochen/learning/mos_all_test_ws/src/navigation2/nav2_smac_planner/test/path.png
code/mos_all_test_ws/src/navigation2/nav2_smac_planner/test/test_a_star.cpp	/home/shuochen/learning/mos_all_test_ws/src/navigation2/nav2_smac_planner/test/test_a_star.cpp
code/mos_all_test_ws/src/navigation2/nav2_smac_planner/test/test_collision_checker.cpp	/home/shuochen/learning/mos_all_test_ws/src/navigation2/nav2_smac_planner/test/test_collision_checker.cpp
code/mos_all_test_ws/src/navigation2/nav2_smac_planner/test/test_costmap_downsampler.cpp	/home/shuochen/learning/mos_all_test_ws/src/navigation2/nav2_smac_planner/test/test_costmap_downsampler.cpp
code/mos_all_test_ws/src/navigation2/nav2_smac_planner/test/test_node2d.cpp	/home/shuochen/learning/mos_all_test_ws/src/navigation2/nav2_smac_planner/test/test_node2d.cpp
code/mos_all_test_ws/src/navigation2/nav2_smac_planner/test/test_nodebasic.cpp	/home/shuochen/learning/mos_all_test_ws/src/navigation2/nav2_smac_planner/test/test_nodebasic.cpp
code/mos_all_test_ws/src/navigation2/nav2_smac_planner/test/test_nodehybrid.cpp	/home/shuochen/learning/mos_all_test_ws/src/navigation2/nav2_smac_planner/test/test_nodehybrid.cpp
code/mos_all_test_ws/src/navigation2/nav2_smac_planner/test/test_nodelattice.cpp	/home/shuochen/learning/mos_all_test_ws/src/navigation2/nav2_smac_planner/test/test_nodelattice.cpp
code/mos_all_test_ws/src/navigation2/nav2_smac_planner/test/test_smac_2d.cpp	/home/shuochen/learning/mos_all_test_ws/src/navigation2/nav2_smac_planner/test/test_smac_2d.cpp
code/mos_all_test_ws/src/navigation2/nav2_smac_planner/test/test_smac_hybrid.cpp	/home/shuochen/learning/mos_all_test_ws/src/navigation2/nav2_smac_planner/test/test_smac_hybrid.cpp
code/mos_all_test_ws/src/navigation2/nav2_smac_planner/test/test_smac_lattice.cpp	/home/shuochen/learning/mos_all_test_ws/src/navigation2/nav2_smac_planner/test/test_smac_lattice.cpp
code/mos_all_test_ws/src/navigation2/nav2_smac_planner/test/test_smoother.cpp	/home/shuochen/learning/mos_all_test_ws/src/navigation2/nav2_smac_planner/test/test_smoother.cpp
code/mos_all_test_ws/src/navigation2/nav2_smoother/CMakeLists.txt	/home/shuochen/learning/mos_all_test_ws/src/navigation2/nav2_smoother/CMakeLists.txt
code/mos_all_test_ws/src/navigation2/nav2_smoother/README.md	/home/shuochen/learning/mos_all_test_ws/src/navigation2/nav2_smoother/README.md
code/mos_all_test_ws/src/navigation2/nav2_smoother/include/nav2_smoother/nav2_smoother.hpp	/home/shuochen/learning/mos_all_test_ws/src/navigation2/nav2_smoother/include/nav2_smoother/nav2_smoother.hpp
code/mos_all_test_ws/src/navigation2/nav2_smoother/include/nav2_smoother/savitzky_golay_smoother.hpp	/home/shuochen/learning/mos_all_test_ws/src/navigation2/nav2_smoother/include/nav2_smoother/savitzky_golay_smoother.hpp
code/mos_all_test_ws/src/navigation2/nav2_smoother/include/nav2_smoother/simple_smoother.hpp	/home/shuochen/learning/mos_all_test_ws/src/navigation2/nav2_smoother/include/nav2_smoother/simple_smoother.hpp
code/mos_all_test_ws/src/navigation2/nav2_smoother/include/nav2_smoother/smoother_utils.hpp	/home/shuochen/learning/mos_all_test_ws/src/navigation2/nav2_smoother/include/nav2_smoother/smoother_utils.hpp
code/mos_all_test_ws/src/navigation2/nav2_smoother/package.xml	/home/shuochen/learning/mos_all_test_ws/src/navigation2/nav2_smoother/package.xml
code/mos_all_test_ws/src/navigation2/nav2_smoother/plugins.xml	/home/shuochen/learning/mos_all_test_ws/src/navigation2/nav2_smoother/plugins.xml
code/mos_all_test_ws/src/navigation2/nav2_smoother/src/main.cpp	/home/shuochen/learning/mos_all_test_ws/src/navigation2/nav2_smoother/src/main.cpp
code/mos_all_test_ws/src/navigation2/nav2_smoother/src/nav2_smoother.cpp	/home/shuochen/learning/mos_all_test_ws/src/navigation2/nav2_smoother/src/nav2_smoother.cpp
code/mos_all_test_ws/src/navigation2/nav2_smoother/src/savitzky_golay_smoother.cpp	/home/shuochen/learning/mos_all_test_ws/src/navigation2/nav2_smoother/src/savitzky_golay_smoother.cpp
code/mos_all_test_ws/src/navigation2/nav2_smoother/src/simple_smoother.cpp	/home/shuochen/learning/mos_all_test_ws/src/navigation2/nav2_smoother/src/simple_smoother.cpp
code/mos_all_test_ws/src/navigation2/nav2_smoother/test/CMakeLists.txt	/home/shuochen/learning/mos_all_test_ws/src/navigation2/nav2_smoother/test/CMakeLists.txt
code/mos_all_test_ws/src/navigation2/nav2_smoother/test/test_savitzky_golay_smoother.cpp	/home/shuochen/learning/mos_all_test_ws/src/navigation2/nav2_smoother/test/test_savitzky_golay_smoother.cpp
code/mos_all_test_ws/src/navigation2/nav2_smoother/test/test_simple_smoother.cpp	/home/shuochen/learning/mos_all_test_ws/src/navigation2/nav2_smoother/test/test_simple_smoother.cpp
code/mos_all_test_ws/src/navigation2/nav2_smoother/test/test_smoother_server.cpp	/home/shuochen/learning/mos_all_test_ws/src/navigation2/nav2_smoother/test/test_smoother_server.cpp
code/mos_all_test_ws/src/navigation2/nav2_system_tests/CMakeLists.txt	/home/shuochen/learning/mos_all_test_ws/src/navigation2/nav2_system_tests/CMakeLists.txt
code/mos_all_test_ws/src/navigation2/nav2_system_tests/README.md	/home/shuochen/learning/mos_all_test_ws/src/navigation2/nav2_system_tests/README.md
code/mos_all_test_ws/src/navigation2/nav2_system_tests/maps/empty_room.pgm	/home/shuochen/learning/mos_all_test_ws/src/navigation2/nav2_system_tests/maps/empty_room.pgm
code/mos_all_test_ws/src/navigation2/nav2_system_tests/maps/empty_room.png	/home/shuochen/learning/mos_all_test_ws/src/navigation2/nav2_system_tests/maps/empty_room.png
code/mos_all_test_ws/src/navigation2/nav2_system_tests/maps/empty_room.yaml	/home/shuochen/learning/mos_all_test_ws/src/navigation2/nav2_system_tests/maps/empty_room.yaml
code/mos_all_test_ws/src/navigation2/nav2_system_tests/maps/keepout_mask.pgm	/home/shuochen/learning/mos_all_test_ws/src/navigation2/nav2_system_tests/maps/keepout_mask.pgm
code/mos_all_test_ws/src/navigation2/nav2_system_tests/maps/keepout_mask.yaml	/home/shuochen/learning/mos_all_test_ws/src/navigation2/nav2_system_tests/maps/keepout_mask.yaml
code/mos_all_test_ws/src/navigation2/nav2_system_tests/maps/map.pgm	/home/shuochen/learning/mos_all_test_ws/src/navigation2/nav2_system_tests/maps/map.pgm
code/mos_all_test_ws/src/navigation2/nav2_system_tests/maps/map.xcf	/home/shuochen/learning/mos_all_test_ws/src/navigation2/nav2_system_tests/maps/map.xcf
code/mos_all_test_ws/src/navigation2/nav2_system_tests/maps/map_circular.pgm	/home/shuochen/learning/mos_all_test_ws/src/navigation2/nav2_system_tests/maps/map_circular.pgm
code/mos_all_test_ws/src/navigation2/nav2_system_tests/maps/map_circular.yaml	/home/shuochen/learning/mos_all_test_ws/src/navigation2/nav2_system_tests/maps/map_circular.yaml
code/mos_all_test_ws/src/navigation2/nav2_system_tests/maps/speed_mask.pgm	/home/shuochen/learning/mos_all_test_ws/src/navigation2/nav2_system_tests/maps/speed_mask.pgm
code/mos_all_test_ws/src/navigation2/nav2_system_tests/maps/speed_mask.yaml	/home/shuochen/learning/mos_all_test_ws/src/navigation2/nav2_system_tests/maps/speed_mask.yaml
code/mos_all_test_ws/src/navigation2/nav2_system_tests/models/dynamic_obstacle/README.md	/home/shuochen/learning/mos_all_test_ws/src/navigation2/nav2_system_tests/models/dynamic_obstacle/README.md
code/mos_all_test_ws/src/navigation2/nav2_system_tests/models/dynamic_obstacle/model.config	/home/shuochen/learning/mos_all_test_ws/src/navigation2/nav2_system_tests/models/dynamic_obstacle/model.config
code/mos_all_test_ws/src/navigation2/nav2_system_tests/models/dynamic_obstacle/model.sdf	/home/shuochen/learning/mos_all_test_ws/src/navigation2/nav2_system_tests/models/dynamic_obstacle/model.sdf
code/mos_all_test_ws/src/navigation2/nav2_system_tests/models/dynamic_world/README.md	/home/shuochen/learning/mos_all_test_ws/src/navigation2/nav2_system_tests/models/dynamic_world/README.md
code/mos_all_test_ws/src/navigation2/nav2_system_tests/models/dynamic_world/world.model	/home/shuochen/learning/mos_all_test_ws/src/navigation2/nav2_system_tests/models/dynamic_world/world.model
code/mos_all_test_ws/src/navigation2/nav2_system_tests/models/empty_room/README.md	/home/shuochen/learning/mos_all_test_ws/src/navigation2/nav2_system_tests/models/empty_room/README.md
code/mos_all_test_ws/src/navigation2/nav2_system_tests/models/empty_room/model.config	/home/shuochen/learning/mos_all_test_ws/src/navigation2/nav2_system_tests/models/empty_room/model.config
code/mos_all_test_ws/src/navigation2/nav2_system_tests/models/empty_room/model.sdf	/home/shuochen/learning/mos_all_test_ws/src/navigation2/nav2_system_tests/models/empty_room/model.sdf
code/mos_all_test_ws/src/navigation2/nav2_system_tests/models/turtlebot3_burger/meshes/burger_base.dae	/home/shuochen/learning/mos_all_test_ws/src/navigation2/nav2_system_tests/models/turtlebot3_burger/meshes/burger_base.dae
code/mos_all_test_ws/src/navigation2/nav2_system_tests/models/turtlebot3_burger/meshes/lds.dae	/home/shuochen/learning/mos_all_test_ws/src/navigation2/nav2_system_tests/models/turtlebot3_burger/meshes/lds.dae
code/mos_all_test_ws/src/navigation2/nav2_system_tests/models/turtlebot3_burger/meshes/left_tire.dae	/home/shuochen/learning/mos_all_test_ws/src/navigation2/nav2_system_tests/models/turtlebot3_burger/meshes/left_tire.dae
code/mos_all_test_ws/src/navigation2/nav2_system_tests/models/turtlebot3_burger/meshes/right_tire.dae	/home/shuochen/learning/mos_all_test_ws/src/navigation2/nav2_system_tests/models/turtlebot3_burger/meshes/right_tire.dae
code/mos_all_test_ws/src/navigation2/nav2_system_tests/models/turtlebot3_burger/model-1_4.sdf	/home/shuochen/learning/mos_all_test_ws/src/navigation2/nav2_system_tests/models/turtlebot3_burger/model-1_4.sdf
code/mos_all_test_ws/src/navigation2/nav2_system_tests/models/turtlebot3_burger/model.config	/home/shuochen/learning/mos_all_test_ws/src/navigation2/nav2_system_tests/models/turtlebot3_burger/model.config
code/mos_all_test_ws/src/navigation2/nav2_system_tests/models/turtlebot3_burger/model.sdf	/home/shuochen/learning/mos_all_test_ws/src/navigation2/nav2_system_tests/models/turtlebot3_burger/model.sdf
code/mos_all_test_ws/src/navigation2/nav2_system_tests/models/turtlebot3_waffle/meshes/lds.dae	/home/shuochen/learning/mos_all_test_ws/src/navigation2/nav2_system_tests/models/turtlebot3_waffle/meshes/lds.dae
code/mos_all_test_ws/src/navigation2/nav2_system_tests/models/turtlebot3_waffle/meshes/left_tire.dae	/home/shuochen/learning/mos_all_test_ws/src/navigation2/nav2_system_tests/models/turtlebot3_waffle/meshes/left_tire.dae
code/mos_all_test_ws/src/navigation2/nav2_system_tests/models/turtlebot3_waffle/meshes/r200.dae	/home/shuochen/learning/mos_all_test_ws/src/navigation2/nav2_system_tests/models/turtlebot3_waffle/meshes/r200.dae
code/mos_all_test_ws/src/navigation2/nav2_system_tests/models/turtlebot3_waffle/meshes/right_tire.dae	/home/shuochen/learning/mos_all_test_ws/src/navigation2/nav2_system_tests/models/turtlebot3_waffle/meshes/right_tire.dae
code/mos_all_test_ws/src/navigation2/nav2_system_tests/models/turtlebot3_waffle/meshes/waffle_base.dae	/home/shuochen/learning/mos_all_test_ws/src/navigation2/nav2_system_tests/models/turtlebot3_waffle/meshes/waffle_base.dae
code/mos_all_test_ws/src/navigation2/nav2_system_tests/models/turtlebot3_waffle/model-1_4.sdf	/home/shuochen/learning/mos_all_test_ws/src/navigation2/nav2_system_tests/models/turtlebot3_waffle/model-1_4.sdf
code/mos_all_test_ws/src/navigation2/nav2_system_tests/models/turtlebot3_waffle/model.config	/home/shuochen/learning/mos_all_test_ws/src/navigation2/nav2_system_tests/models/turtlebot3_waffle/model.config
code/mos_all_test_ws/src/navigation2/nav2_system_tests/models/turtlebot3_waffle/model.sdf	/home/shuochen/learning/mos_all_test_ws/src/navigation2/nav2_system_tests/models/turtlebot3_waffle/model.sdf
code/mos_all_test_ws/src/navigation2/nav2_system_tests/models/turtlebot3_waffle_depth_camera/model.config	/home/shuochen/learning/mos_all_test_ws/src/navigation2/nav2_system_tests/models/turtlebot3_waffle_depth_camera/model.config
code/mos_all_test_ws/src/navigation2/nav2_system_tests/models/turtlebot3_waffle_depth_camera/model.sdf	/home/shuochen/learning/mos_all_test_ws/src/navigation2/nav2_system_tests/models/turtlebot3_waffle_depth_camera/model.sdf
code/mos_all_test_ws/src/navigation2/nav2_system_tests/models/turtlebot3_world/meshes/hexagon.dae	/home/shuochen/learning/mos_all_test_ws/src/navigation2/nav2_system_tests/models/turtlebot3_world/meshes/hexagon.dae
code/mos_all_test_ws/src/navigation2/nav2_system_tests/models/turtlebot3_world/meshes/wall.dae	/home/shuochen/learning/mos_all_test_ws/src/navigation2/nav2_system_tests/models/turtlebot3_world/meshes/wall.dae
code/mos_all_test_ws/src/navigation2/nav2_system_tests/models/turtlebot3_world/model-1_4.sdf	/home/shuochen/learning/mos_all_test_ws/src/navigation2/nav2_system_tests/models/turtlebot3_world/model-1_4.sdf
code/mos_all_test_ws/src/navigation2/nav2_system_tests/models/turtlebot3_world/model.config	/home/shuochen/learning/mos_all_test_ws/src/navigation2/nav2_system_tests/models/turtlebot3_world/model.config
code/mos_all_test_ws/src/navigation2/nav2_system_tests/models/turtlebot3_world/model.sdf	/home/shuochen/learning/mos_all_test_ws/src/navigation2/nav2_system_tests/models/turtlebot3_world/model.sdf
code/mos_all_test_ws/src/navigation2/nav2_system_tests/package.xml	/home/shuochen/learning/mos_all_test_ws/src/navigation2/nav2_system_tests/package.xml
code/mos_all_test_ws/src/navigation2/nav2_system_tests/scripts/ctest_loop.bash	/home/shuochen/learning/mos_all_test_ws/src/navigation2/nav2_system_tests/scripts/ctest_loop.bash
code/mos_all_test_ws/src/navigation2/nav2_system_tests/src/behavior_tree/CMakeLists.txt	/home/shuochen/learning/mos_all_test_ws/src/navigation2/nav2_system_tests/src/behavior_tree/CMakeLists.txt
code/mos_all_test_ws/src/navigation2/nav2_system_tests/src/behavior_tree/dummy_servers.hpp	/home/shuochen/learning/mos_all_test_ws/src/navigation2/nav2_system_tests/src/behavior_tree/dummy_servers.hpp
code/mos_all_test_ws/src/navigation2/nav2_system_tests/src/behavior_tree/server_handler.cpp	/home/shuochen/learning/mos_all_test_ws/src/navigation2/nav2_system_tests/src/behavior_tree/server_handler.cpp
code/mos_all_test_ws/src/navigation2/nav2_system_tests/src/behavior_tree/server_handler.hpp	/home/shuochen/learning/mos_all_test_ws/src/navigation2/nav2_system_tests/src/behavior_tree/server_handler.hpp
code/mos_all_test_ws/src/navigation2/nav2_system_tests/src/behavior_tree/test_behavior_tree_node.cpp	/home/shuochen/learning/mos_all_test_ws/src/navigation2/nav2_system_tests/src/behavior_tree/test_behavior_tree_node.cpp
code/mos_all_test_ws/src/navigation2/nav2_system_tests/src/behaviors/README.md	/home/shuochen/learning/mos_all_test_ws/src/navigation2/nav2_system_tests/src/behaviors/README.md
code/mos_all_test_ws/src/navigation2/nav2_system_tests/src/behaviors/assisted_teleop/CMakeLists.txt	/home/shuochen/learning/mos_all_test_ws/src/navigation2/nav2_system_tests/src/behaviors/assisted_teleop/CMakeLists.txt
code/mos_all_test_ws/src/navigation2/nav2_system_tests/src/behaviors/assisted_teleop/assisted_teleop_behavior_tester.cpp	/home/shuochen/learning/mos_all_test_ws/src/navigation2/nav2_system_tests/src/behaviors/assisted_teleop/assisted_teleop_behavior_tester.cpp
code/mos_all_test_ws/src/navigation2/nav2_system_tests/src/behaviors/assisted_teleop/assisted_teleop_behavior_tester.hpp	/home/shuochen/learning/mos_all_test_ws/src/navigation2/nav2_system_tests/src/behaviors/assisted_teleop/assisted_teleop_behavior_tester.hpp
code/mos_all_test_ws/src/navigation2/nav2_system_tests/src/behaviors/assisted_teleop/test_assisted_teleop_behavior_launch.py	/home/shuochen/learning/mos_all_test_ws/src/navigation2/nav2_system_tests/src/behaviors/assisted_teleop/test_assisted_teleop_behavior_launch.py
code/mos_all_test_ws/src/navigation2/nav2_system_tests/src/behaviors/assisted_teleop/test_assisted_teleop_behavior_node.cpp	/home/shuochen/learning/mos_all_test_ws/src/navigation2/nav2_system_tests/src/behaviors/assisted_teleop/test_assisted_teleop_behavior_node.cpp
code/mos_all_test_ws/src/navigation2/nav2_system_tests/src/behaviors/backup/CMakeLists.txt	/home/shuochen/learning/mos_all_test_ws/src/navigation2/nav2_system_tests/src/behaviors/backup/CMakeLists.txt
code/mos_all_test_ws/src/navigation2/nav2_system_tests/src/behaviors/backup/backup_behavior_tester.cpp	/home/shuochen/learning/mos_all_test_ws/src/navigation2/nav2_system_tests/src/behaviors/backup/backup_behavior_tester.cpp
code/mos_all_test_ws/src/navigation2/nav2_system_tests/src/behaviors/backup/backup_behavior_tester.hpp	/home/shuochen/learning/mos_all_test_ws/src/navigation2/nav2_system_tests/src/behaviors/backup/backup_behavior_tester.hpp
code/mos_all_test_ws/src/navigation2/nav2_system_tests/src/behaviors/backup/test_backup_behavior_launch.py	/home/shuochen/learning/mos_all_test_ws/src/navigation2/nav2_system_tests/src/behaviors/backup/test_backup_behavior_launch.py
code/mos_all_test_ws/src/navigation2/nav2_system_tests/src/behaviors/backup/test_backup_behavior_node.cpp	/home/shuochen/learning/mos_all_test_ws/src/navigation2/nav2_system_tests/src/behaviors/backup/test_backup_behavior_node.cpp
code/mos_all_test_ws/src/navigation2/nav2_system_tests/src/behaviors/drive_on_heading/CMakeLists.txt	/home/shuochen/learning/mos_all_test_ws/src/navigation2/nav2_system_tests/src/behaviors/drive_on_heading/CMakeLists.txt
code/mos_all_test_ws/src/navigation2/nav2_system_tests/src/behaviors/drive_on_heading/drive_on_heading_behavior_tester.cpp	/home/shuochen/learning/mos_all_test_ws/src/navigation2/nav2_system_tests/src/behaviors/drive_on_heading/drive_on_heading_behavior_tester.cpp
code/mos_all_test_ws/src/navigation2/nav2_system_tests/src/behaviors/drive_on_heading/drive_on_heading_behavior_tester.hpp	/home/shuochen/learning/mos_all_test_ws/src/navigation2/nav2_system_tests/src/behaviors/drive_on_heading/drive_on_heading_behavior_tester.hpp
code/mos_all_test_ws/src/navigation2/nav2_system_tests/src/behaviors/drive_on_heading/test_drive_on_heading_behavior_launch.py	/home/shuochen/learning/mos_all_test_ws/src/navigation2/nav2_system_tests/src/behaviors/drive_on_heading/test_drive_on_heading_behavior_launch.py
code/mos_all_test_ws/src/navigation2/nav2_system_tests/src/behaviors/drive_on_heading/test_drive_on_heading_behavior_node.cpp	/home/shuochen/learning/mos_all_test_ws/src/navigation2/nav2_system_tests/src/behaviors/drive_on_heading/test_drive_on_heading_behavior_node.cpp
code/mos_all_test_ws/src/navigation2/nav2_system_tests/src/behaviors/spin/CMakeLists.txt	/home/shuochen/learning/mos_all_test_ws/src/navigation2/nav2_system_tests/src/behaviors/spin/CMakeLists.txt
code/mos_all_test_ws/src/navigation2/nav2_system_tests/src/behaviors/spin/spin_behavior_tester.cpp	/home/shuochen/learning/mos_all_test_ws/src/navigation2/nav2_system_tests/src/behaviors/spin/spin_behavior_tester.cpp
code/mos_all_test_ws/src/navigation2/nav2_system_tests/src/behaviors/spin/spin_behavior_tester.hpp	/home/shuochen/learning/mos_all_test_ws/src/navigation2/nav2_system_tests/src/behaviors/spin/spin_behavior_tester.hpp
code/mos_all_test_ws/src/navigation2/nav2_system_tests/src/behaviors/spin/test_spin_behavior_fake_launch.py	/home/shuochen/learning/mos_all_test_ws/src/navigation2/nav2_system_tests/src/behaviors/spin/test_spin_behavior_fake_launch.py
code/mos_all_test_ws/src/navigation2/nav2_system_tests/src/behaviors/spin/test_spin_behavior_launch.py	/home/shuochen/learning/mos_all_test_ws/src/navigation2/nav2_system_tests/src/behaviors/spin/test_spin_behavior_launch.py
code/mos_all_test_ws/src/navigation2/nav2_system_tests/src/behaviors/spin/test_spin_behavior_node.cpp	/home/shuochen/learning/mos_all_test_ws/src/navigation2/nav2_system_tests/src/behaviors/spin/test_spin_behavior_node.cpp
code/mos_all_test_ws/src/navigation2/nav2_system_tests/src/behaviors/wait/CMakeLists.txt	/home/shuochen/learning/mos_all_test_ws/src/navigation2/nav2_system_tests/src/behaviors/wait/CMakeLists.txt
code/mos_all_test_ws/src/navigation2/nav2_system_tests/src/behaviors/wait/test_wait_behavior_launch.py	/home/shuochen/learning/mos_all_test_ws/src/navigation2/nav2_system_tests/src/behaviors/wait/test_wait_behavior_launch.py
code/mos_all_test_ws/src/navigation2/nav2_system_tests/src/behaviors/wait/test_wait_behavior_node.cpp	/home/shuochen/learning/mos_all_test_ws/src/navigation2/nav2_system_tests/src/behaviors/wait/test_wait_behavior_node.cpp
code/mos_all_test_ws/src/navigation2/nav2_system_tests/src/behaviors/wait/wait_behavior_tester.cpp	/home/shuochen/learning/mos_all_test_ws/src/navigation2/nav2_system_tests/src/behaviors/wait/wait_behavior_tester.cpp
code/mos_all_test_ws/src/navigation2/nav2_system_tests/src/behaviors/wait/wait_behavior_tester.hpp	/home/shuochen/learning/mos_all_test_ws/src/navigation2/nav2_system_tests/src/behaviors/wait/wait_behavior_tester.hpp
code/mos_all_test_ws/src/navigation2/nav2_system_tests/src/costmap_filters/CMakeLists.txt	/home/shuochen/learning/mos_all_test_ws/src/navigation2/nav2_system_tests/src/costmap_filters/CMakeLists.txt
code/mos_all_test_ws/src/navigation2/nav2_system_tests/src/costmap_filters/keepout_params.yaml	/home/shuochen/learning/mos_all_test_ws/src/navigation2/nav2_system_tests/src/costmap_filters/keepout_params.yaml
code/mos_all_test_ws/src/navigation2/nav2_system_tests/src/costmap_filters/keepout_plan.png	/home/shuochen/learning/mos_all_test_ws/src/navigation2/nav2_system_tests/src/costmap_filters/keepout_plan.png
code/mos_all_test_ws/src/navigation2/nav2_system_tests/src/costmap_filters/speed_global_params.yaml	/home/shuochen/learning/mos_all_test_ws/src/navigation2/nav2_system_tests/src/costmap_filters/speed_global_params.yaml
code/mos_all_test_ws/src/navigation2/nav2_system_tests/src/costmap_filters/speed_local_params.yaml	/home/shuochen/learning/mos_all_test_ws/src/navigation2/nav2_system_tests/src/costmap_filters/speed_local_params.yaml
code/mos_all_test_ws/src/navigation2/nav2_system_tests/src/costmap_filters/test_keepout_launch.py	/home/shuochen/learning/mos_all_test_ws/src/navigation2/nav2_system_tests/src/costmap_filters/test_keepout_launch.py
code/mos_all_test_ws/src/navigation2/nav2_system_tests/src/costmap_filters/test_speed_launch.py	/home/shuochen/learning/mos_all_test_ws/src/navigation2/nav2_system_tests/src/costmap_filters/test_speed_launch.py
code/mos_all_test_ws/src/navigation2/nav2_system_tests/src/costmap_filters/tester_node.py	/home/shuochen/learning/mos_all_test_ws/src/navigation2/nav2_system_tests/src/costmap_filters/tester_node.py
code/mos_all_test_ws/src/navigation2/nav2_system_tests/src/dummy_controller/CMakeLists.txt	/home/shuochen/learning/mos_all_test_ws/src/navigation2/nav2_system_tests/src/dummy_controller/CMakeLists.txt
code/mos_all_test_ws/src/navigation2/nav2_system_tests/src/dummy_controller/dummy_controller.cpp	/home/shuochen/learning/mos_all_test_ws/src/navigation2/nav2_system_tests/src/dummy_controller/dummy_controller.cpp
code/mos_all_test_ws/src/navigation2/nav2_system_tests/src/dummy_controller/dummy_controller.hpp	/home/shuochen/learning/mos_all_test_ws/src/navigation2/nav2_system_tests/src/dummy_controller/dummy_controller.hpp
code/mos_all_test_ws/src/navigation2/nav2_system_tests/src/dummy_controller/main.cpp	/home/shuochen/learning/mos_all_test_ws/src/navigation2/nav2_system_tests/src/dummy_controller/main.cpp
code/mos_all_test_ws/src/navigation2/nav2_system_tests/src/dummy_planner/CMakeLists.txt	/home/shuochen/learning/mos_all_test_ws/src/navigation2/nav2_system_tests/src/dummy_planner/CMakeLists.txt
code/mos_all_test_ws/src/navigation2/nav2_system_tests/src/dummy_planner/dummy_planner.cpp	/home/shuochen/learning/mos_all_test_ws/src/navigation2/nav2_system_tests/src/dummy_planner/dummy_planner.cpp
code/mos_all_test_ws/src/navigation2/nav2_system_tests/src/dummy_planner/dummy_planner.hpp	/home/shuochen/learning/mos_all_test_ws/src/navigation2/nav2_system_tests/src/dummy_planner/dummy_planner.hpp
code/mos_all_test_ws/src/navigation2/nav2_system_tests/src/dummy_planner/main.cpp	/home/shuochen/learning/mos_all_test_ws/src/navigation2/nav2_system_tests/src/dummy_planner/main.cpp
code/mos_all_test_ws/src/navigation2/nav2_system_tests/src/localization/CMakeLists.txt	/home/shuochen/learning/mos_all_test_ws/src/navigation2/nav2_system_tests/src/localization/CMakeLists.txt
code/mos_all_test_ws/src/navigation2/nav2_system_tests/src/localization/README.md	/home/shuochen/learning/mos_all_test_ws/src/navigation2/nav2_system_tests/src/localization/README.md
code/mos_all_test_ws/src/navigation2/nav2_system_tests/src/localization/test_localization_launch.py	/home/shuochen/learning/mos_all_test_ws/src/navigation2/nav2_system_tests/src/localization/test_localization_launch.py
code/mos_all_test_ws/src/navigation2/nav2_system_tests/src/localization/test_localization_node.cpp	/home/shuochen/learning/mos_all_test_ws/src/navigation2/nav2_system_tests/src/localization/test_localization_node.cpp
code/mos_all_test_ws/src/navigation2/nav2_system_tests/src/planning/CMakeLists.txt	/home/shuochen/learning/mos_all_test_ws/src/navigation2/nav2_system_tests/src/planning/CMakeLists.txt
code/mos_all_test_ws/src/navigation2/nav2_system_tests/src/planning/README.md	/home/shuochen/learning/mos_all_test_ws/src/navigation2/nav2_system_tests/src/planning/README.md
code/mos_all_test_ws/src/navigation2/nav2_system_tests/src/planning/example_result.png	/home/shuochen/learning/mos_all_test_ws/src/navigation2/nav2_system_tests/src/planning/example_result.png
code/mos_all_test_ws/src/navigation2/nav2_system_tests/src/planning/planner_tester.cpp	/home/shuochen/learning/mos_all_test_ws/src/navigation2/nav2_system_tests/src/planning/planner_tester.cpp
code/mos_all_test_ws/src/navigation2/nav2_system_tests/src/planning/planner_tester.hpp	/home/shuochen/learning/mos_all_test_ws/src/navigation2/nav2_system_tests/src/planning/planner_tester.hpp
code/mos_all_test_ws/src/navigation2/nav2_system_tests/src/planning/test_planner_costmaps_launch.py	/home/shuochen/learning/mos_all_test_ws/src/navigation2/nav2_system_tests/src/planning/test_planner_costmaps_launch.py
code/mos_all_test_ws/src/navigation2/nav2_system_tests/src/planning/test_planner_costmaps_node.cpp	/home/shuochen/learning/mos_all_test_ws/src/navigation2/nav2_system_tests/src/planning/test_planner_costmaps_node.cpp
code/mos_all_test_ws/src/navigation2/nav2_system_tests/src/planning/test_planner_is_path_valid.cpp	/home/shuochen/learning/mos_all_test_ws/src/navigation2/nav2_system_tests/src/planning/test_planner_is_path_valid.cpp
code/mos_all_test_ws/src/navigation2/nav2_system_tests/src/planning/test_planner_plugins.cpp	/home/shuochen/learning/mos_all_test_ws/src/navigation2/nav2_system_tests/src/planning/test_planner_plugins.cpp
code/mos_all_test_ws/src/navigation2/nav2_system_tests/src/planning/test_planner_random_launch.py	/home/shuochen/learning/mos_all_test_ws/src/navigation2/nav2_system_tests/src/planning/test_planner_random_launch.py
code/mos_all_test_ws/src/navigation2/nav2_system_tests/src/planning/test_planner_random_node.cpp	/home/shuochen/learning/mos_all_test_ws/src/navigation2/nav2_system_tests/src/planning/test_planner_random_node.cpp
code/mos_all_test_ws/src/navigation2/nav2_system_tests/src/system/CMakeLists.txt	/home/shuochen/learning/mos_all_test_ws/src/navigation2/nav2_system_tests/src/system/CMakeLists.txt
code/mos_all_test_ws/src/navigation2/nav2_system_tests/src/system/README.md	/home/shuochen/learning/mos_all_test_ws/src/navigation2/nav2_system_tests/src/system/README.md
code/mos_all_test_ws/src/navigation2/nav2_system_tests/src/system/nav_through_poses_tester_node.py	/home/shuochen/learning/mos_all_test_ws/src/navigation2/nav2_system_tests/src/system/nav_through_poses_tester_node.py
code/mos_all_test_ws/src/navigation2/nav2_system_tests/src/system/nav_to_pose_tester_node.py	/home/shuochen/learning/mos_all_test_ws/src/navigation2/nav2_system_tests/src/system/nav_to_pose_tester_node.py
code/mos_all_test_ws/src/navigation2/nav2_system_tests/src/system/test_multi_robot_launch.py	/home/shuochen/learning/mos_all_test_ws/src/navigation2/nav2_system_tests/src/system/test_multi_robot_launch.py
code/mos_all_test_ws/src/navigation2/nav2_system_tests/src/system/test_system_launch.py	/home/shuochen/learning/mos_all_test_ws/src/navigation2/nav2_system_tests/src/system/test_system_launch.py
code/mos_all_test_ws/src/navigation2/nav2_system_tests/src/system/test_wrong_init_pose_launch.py	/home/shuochen/learning/mos_all_test_ws/src/navigation2/nav2_system_tests/src/system/test_wrong_init_pose_launch.py
code/mos_all_test_ws/src/navigation2/nav2_system_tests/src/system_failure/CMakeLists.txt	/home/shuochen/learning/mos_all_test_ws/src/navigation2/nav2_system_tests/src/system_failure/CMakeLists.txt
code/mos_all_test_ws/src/navigation2/nav2_system_tests/src/system_failure/README.md	/home/shuochen/learning/mos_all_test_ws/src/navigation2/nav2_system_tests/src/system_failure/README.md
code/mos_all_test_ws/src/navigation2/nav2_system_tests/src/system_failure/test_system_failure_launch.py	/home/shuochen/learning/mos_all_test_ws/src/navigation2/nav2_system_tests/src/system_failure/test_system_failure_launch.py
code/mos_all_test_ws/src/navigation2/nav2_system_tests/src/system_failure/tester_node.py	/home/shuochen/learning/mos_all_test_ws/src/navigation2/nav2_system_tests/src/system_failure/tester_node.py
code/mos_all_test_ws/src/navigation2/nav2_system_tests/src/updown/CMakeLists.txt	/home/shuochen/learning/mos_all_test_ws/src/navigation2/nav2_system_tests/src/updown/CMakeLists.txt
code/mos_all_test_ws/src/navigation2/nav2_system_tests/src/updown/README.md	/home/shuochen/learning/mos_all_test_ws/src/navigation2/nav2_system_tests/src/updown/README.md
code/mos_all_test_ws/src/navigation2/nav2_system_tests/src/updown/start_nav2	/home/shuochen/learning/mos_all_test_ws/src/navigation2/nav2_system_tests/src/updown/start_nav2
code/mos_all_test_ws/src/navigation2/nav2_system_tests/src/updown/test_updown.cpp	/home/shuochen/learning/mos_all_test_ws/src/navigation2/nav2_system_tests/src/updown/test_updown.cpp
code/mos_all_test_ws/src/navigation2/nav2_system_tests/src/updown/test_updown_launch.py	/home/shuochen/learning/mos_all_test_ws/src/navigation2/nav2_system_tests/src/updown/test_updown_launch.py
code/mos_all_test_ws/src/navigation2/nav2_system_tests/src/updown/test_updown_reliability	/home/shuochen/learning/mos_all_test_ws/src/navigation2/nav2_system_tests/src/updown/test_updown_reliability
code/mos_all_test_ws/src/navigation2/nav2_system_tests/src/updown/updownresults.py	/home/shuochen/learning/mos_all_test_ws/src/navigation2/nav2_system_tests/src/updown/updownresults.py
code/mos_all_test_ws/src/navigation2/nav2_system_tests/src/waypoint_follower/CMakeLists.txt	/home/shuochen/learning/mos_all_test_ws/src/navigation2/nav2_system_tests/src/waypoint_follower/CMakeLists.txt
code/mos_all_test_ws/src/navigation2/nav2_system_tests/src/waypoint_follower/README.md	/home/shuochen/learning/mos_all_test_ws/src/navigation2/nav2_system_tests/src/waypoint_follower/README.md
code/mos_all_test_ws/src/navigation2/nav2_system_tests/src/waypoint_follower/test_case_py.launch	/home/shuochen/learning/mos_all_test_ws/src/navigation2/nav2_system_tests/src/waypoint_follower/test_case_py.launch
code/mos_all_test_ws/src/navigation2/nav2_system_tests/src/waypoint_follower/tester.py	/home/shuochen/learning/mos_all_test_ws/src/navigation2/nav2_system_tests/src/waypoint_follower/tester.py
code/mos_all_test_ws/src/navigation2/nav2_system_tests/urdf/common_properties.urdf	/home/shuochen/learning/mos_all_test_ws/src/navigation2/nav2_system_tests/urdf/common_properties.urdf
code/mos_all_test_ws/src/navigation2/nav2_system_tests/urdf/turtlebot3_burger.urdf	/home/shuochen/learning/mos_all_test_ws/src/navigation2/nav2_system_tests/urdf/turtlebot3_burger.urdf
code/mos_all_test_ws/src/navigation2/nav2_system_tests/urdf/turtlebot3_waffle.urdf	/home/shuochen/learning/mos_all_test_ws/src/navigation2/nav2_system_tests/urdf/turtlebot3_waffle.urdf
code/mos_all_test_ws/src/navigation2/nav2_system_tests/worlds/turtlebot3_ros2_demo.world	/home/shuochen/learning/mos_all_test_ws/src/navigation2/nav2_system_tests/worlds/turtlebot3_ros2_demo.world
code/mos_all_test_ws/src/navigation2/nav2_system_tests/worlds/turtlebot3_ros2_demo_obstacle.world	/home/shuochen/learning/mos_all_test_ws/src/navigation2/nav2_system_tests/worlds/turtlebot3_ros2_demo_obstacle.world
code/mos_all_test_ws/src/navigation2/nav2_system_tests/worlds/world_only.model	/home/shuochen/learning/mos_all_test_ws/src/navigation2/nav2_system_tests/worlds/world_only.model
code/mos_all_test_ws/src/navigation2/nav2_theta_star_planner/CMakeLists.txt	/home/shuochen/learning/mos_all_test_ws/src/navigation2/nav2_theta_star_planner/CMakeLists.txt
code/mos_all_test_ws/src/navigation2/nav2_theta_star_planner/README.md	/home/shuochen/learning/mos_all_test_ws/src/navigation2/nav2_theta_star_planner/README.md
code/mos_all_test_ws/src/navigation2/nav2_theta_star_planner/img/00-37.png	/home/shuochen/learning/mos_all_test_ws/src/navigation2/nav2_theta_star_planner/img/00-37.png
code/mos_all_test_ws/src/navigation2/nav2_theta_star_planner/include/nav2_theta_star_planner/theta_star.hpp	/home/shuochen/learning/mos_all_test_ws/src/navigation2/nav2_theta_star_planner/include/nav2_theta_star_planner/theta_star.hpp
code/mos_all_test_ws/src/navigation2/nav2_theta_star_planner/include/nav2_theta_star_planner/theta_star_planner.hpp	/home/shuochen/learning/mos_all_test_ws/src/navigation2/nav2_theta_star_planner/include/nav2_theta_star_planner/theta_star_planner.hpp
code/mos_all_test_ws/src/navigation2/nav2_theta_star_planner/package.xml	/home/shuochen/learning/mos_all_test_ws/src/navigation2/nav2_theta_star_planner/package.xml
code/mos_all_test_ws/src/navigation2/nav2_theta_star_planner/src/theta_star.cpp	/home/shuochen/learning/mos_all_test_ws/src/navigation2/nav2_theta_star_planner/src/theta_star.cpp
code/mos_all_test_ws/src/navigation2/nav2_theta_star_planner/src/theta_star_planner.cpp	/home/shuochen/learning/mos_all_test_ws/src/navigation2/nav2_theta_star_planner/src/theta_star_planner.cpp
code/mos_all_test_ws/src/navigation2/nav2_theta_star_planner/test/test_theta_star.cpp	/home/shuochen/learning/mos_all_test_ws/src/navigation2/nav2_theta_star_planner/test/test_theta_star.cpp
code/mos_all_test_ws/src/navigation2/nav2_theta_star_planner/theta_star_planner.xml	/home/shuochen/learning/mos_all_test_ws/src/navigation2/nav2_theta_star_planner/theta_star_planner.xml
code/mos_all_test_ws/src/navigation2/nav2_util/CHANGELOG.rst	/home/shuochen/learning/mos_all_test_ws/src/navigation2/nav2_util/CHANGELOG.rst
code/mos_all_test_ws/src/navigation2/nav2_util/CMakeLists.txt	/home/shuochen/learning/mos_all_test_ws/src/navigation2/nav2_util/CMakeLists.txt
code/mos_all_test_ws/src/navigation2/nav2_util/README.md	/home/shuochen/learning/mos_all_test_ws/src/navigation2/nav2_util/README.md
code/mos_all_test_ws/src/navigation2/nav2_util/include/nav2_util/clear_entirely_costmap_service_client.hpp	/home/shuochen/learning/mos_all_test_ws/src/navigation2/nav2_util/include/nav2_util/clear_entirely_costmap_service_client.hpp
code/mos_all_test_ws/src/navigation2/nav2_util/include/nav2_util/costmap.hpp	/home/shuochen/learning/mos_all_test_ws/src/navigation2/nav2_util/include/nav2_util/costmap.hpp
code/mos_all_test_ws/src/navigation2/nav2_util/include/nav2_util/execution_timer.hpp	/home/shuochen/learning/mos_all_test_ws/src/navigation2/nav2_util/include/nav2_util/execution_timer.hpp
code/mos_all_test_ws/src/navigation2/nav2_util/include/nav2_util/geometry_utils.hpp	/home/shuochen/learning/mos_all_test_ws/src/navigation2/nav2_util/include/nav2_util/geometry_utils.hpp
code/mos_all_test_ws/src/navigation2/nav2_util/include/nav2_util/lifecycle_node.hpp	/home/shuochen/learning/mos_all_test_ws/src/navigation2/nav2_util/include/nav2_util/lifecycle_node.hpp
code/mos_all_test_ws/src/navigation2/nav2_util/include/nav2_util/lifecycle_service_client.hpp	/home/shuochen/learning/mos_all_test_ws/src/navigation2/nav2_util/include/nav2_util/lifecycle_service_client.hpp
code/mos_all_test_ws/src/navigation2/nav2_util/include/nav2_util/lifecycle_utils.hpp	/home/shuochen/learning/mos_all_test_ws/src/navigation2/nav2_util/include/nav2_util/lifecycle_utils.hpp
code/mos_all_test_ws/src/navigation2/nav2_util/include/nav2_util/line_iterator.hpp	/home/shuochen/learning/mos_all_test_ws/src/navigation2/nav2_util/include/nav2_util/line_iterator.hpp
code/mos_all_test_ws/src/navigation2/nav2_util/include/nav2_util/node_thread.hpp	/home/shuochen/learning/mos_all_test_ws/src/navigation2/nav2_util/include/nav2_util/node_thread.hpp
code/mos_all_test_ws/src/navigation2/nav2_util/include/nav2_util/node_utils.hpp	/home/shuochen/learning/mos_all_test_ws/src/navigation2/nav2_util/include/nav2_util/node_utils.hpp
code/mos_all_test_ws/src/navigation2/nav2_util/include/nav2_util/occ_grid_values.hpp	/home/shuochen/learning/mos_all_test_ws/src/navigation2/nav2_util/include/nav2_util/occ_grid_values.hpp
code/mos_all_test_ws/src/navigation2/nav2_util/include/nav2_util/odometry_utils.hpp	/home/shuochen/learning/mos_all_test_ws/src/navigation2/nav2_util/include/nav2_util/odometry_utils.hpp
code/mos_all_test_ws/src/navigation2/nav2_util/include/nav2_util/robot_utils.hpp	/home/shuochen/learning/mos_all_test_ws/src/navigation2/nav2_util/include/nav2_util/robot_utils.hpp
code/mos_all_test_ws/src/navigation2/nav2_util/include/nav2_util/service_client.hpp	/home/shuochen/learning/mos_all_test_ws/src/navigation2/nav2_util/include/nav2_util/service_client.hpp
code/mos_all_test_ws/src/navigation2/nav2_util/include/nav2_util/simple_action_server.hpp	/home/shuochen/learning/mos_all_test_ws/src/navigation2/nav2_util/include/nav2_util/simple_action_server.hpp
code/mos_all_test_ws/src/navigation2/nav2_util/include/nav2_util/string_utils.hpp	/home/shuochen/learning/mos_all_test_ws/src/navigation2/nav2_util/include/nav2_util/string_utils.hpp
code/mos_all_test_ws/src/navigation2/nav2_util/include/nav2_util/validate_messages.hpp	/home/shuochen/learning/mos_all_test_ws/src/navigation2/nav2_util/include/nav2_util/validate_messages.hpp
code/mos_all_test_ws/src/navigation2/nav2_util/package.xml	/home/shuochen/learning/mos_all_test_ws/src/navigation2/nav2_util/package.xml
code/mos_all_test_ws/src/navigation2/nav2_util/src/CMakeLists.txt	/home/shuochen/learning/mos_all_test_ws/src/navigation2/nav2_util/src/CMakeLists.txt
code/mos_all_test_ws/src/navigation2/nav2_util/src/costmap.cpp	/home/shuochen/learning/mos_all_test_ws/src/navigation2/nav2_util/src/costmap.cpp
code/mos_all_test_ws/src/navigation2/nav2_util/src/lifecycle_bringup_commandline.cpp	/home/shuochen/learning/mos_all_test_ws/src/navigation2/nav2_util/src/lifecycle_bringup_commandline.cpp
code/mos_all_test_ws/src/navigation2/nav2_util/src/lifecycle_node.cpp	/home/shuochen/learning/mos_all_test_ws/src/navigation2/nav2_util/src/lifecycle_node.cpp
code/mos_all_test_ws/src/navigation2/nav2_util/src/lifecycle_service_client.cpp	/home/shuochen/learning/mos_all_test_ws/src/navigation2/nav2_util/src/lifecycle_service_client.cpp
code/mos_all_test_ws/src/navigation2/nav2_util/src/lifecycle_utils.cpp	/home/shuochen/learning/mos_all_test_ws/src/navigation2/nav2_util/src/lifecycle_utils.cpp
code/mos_all_test_ws/src/navigation2/nav2_util/src/node_thread.cpp	/home/shuochen/learning/mos_all_test_ws/src/navigation2/nav2_util/src/node_thread.cpp
code/mos_all_test_ws/src/navigation2/nav2_util/src/node_utils.cpp	/home/shuochen/learning/mos_all_test_ws/src/navigation2/nav2_util/src/node_utils.cpp
code/mos_all_test_ws/src/navigation2/nav2_util/src/odometry_utils.cpp	/home/shuochen/learning/mos_all_test_ws/src/navigation2/nav2_util/src/odometry_utils.cpp
code/mos_all_test_ws/src/navigation2/nav2_util/src/robot_utils.cpp	/home/shuochen/learning/mos_all_test_ws/src/navigation2/nav2_util/src/robot_utils.cpp
code/mos_all_test_ws/src/navigation2/nav2_util/src/string_utils.cpp	/home/shuochen/learning/mos_all_test_ws/src/navigation2/nav2_util/src/string_utils.cpp
code/mos_all_test_ws/src/navigation2/nav2_util/test/CMakeLists.txt	/home/shuochen/learning/mos_all_test_ws/src/navigation2/nav2_util/test/CMakeLists.txt
code/mos_all_test_ws/src/navigation2/nav2_util/test/test_actions.cpp	/home/shuochen/learning/mos_all_test_ws/src/navigation2/nav2_util/test/test_actions.cpp
code/mos_all_test_ws/src/navigation2/nav2_util/test/test_execution_timer.cpp	/home/shuochen/learning/mos_all_test_ws/src/navigation2/nav2_util/test/test_execution_timer.cpp
code/mos_all_test_ws/src/navigation2/nav2_util/test/test_geometry_utils.cpp	/home/shuochen/learning/mos_all_test_ws/src/navigation2/nav2_util/test/test_geometry_utils.cpp
code/mos_all_test_ws/src/navigation2/nav2_util/test/test_lifecycle_cli_node.cpp	/home/shuochen/learning/mos_all_test_ws/src/navigation2/nav2_util/test/test_lifecycle_cli_node.cpp
code/mos_all_test_ws/src/navigation2/nav2_util/test/test_lifecycle_node.cpp	/home/shuochen/learning/mos_all_test_ws/src/navigation2/nav2_util/test/test_lifecycle_node.cpp
code/mos_all_test_ws/src/navigation2/nav2_util/test/test_lifecycle_utils.cpp	/home/shuochen/learning/mos_all_test_ws/src/navigation2/nav2_util/test/test_lifecycle_utils.cpp
code/mos_all_test_ws/src/navigation2/nav2_util/test/test_node_utils.cpp	/home/shuochen/learning/mos_all_test_ws/src/navigation2/nav2_util/test/test_node_utils.cpp
code/mos_all_test_ws/src/navigation2/nav2_util/test/test_odometry_utils.cpp	/home/shuochen/learning/mos_all_test_ws/src/navigation2/nav2_util/test/test_odometry_utils.cpp
code/mos_all_test_ws/src/navigation2/nav2_util/test/test_robot_utils.cpp	/home/shuochen/learning/mos_all_test_ws/src/navigation2/nav2_util/test/test_robot_utils.cpp
code/mos_all_test_ws/src/navigation2/nav2_util/test/test_service_client.cpp	/home/shuochen/learning/mos_all_test_ws/src/navigation2/nav2_util/test/test_service_client.cpp
code/mos_all_test_ws/src/navigation2/nav2_util/test/test_string_utils.cpp	/home/shuochen/learning/mos_all_test_ws/src/navigation2/nav2_util/test/test_string_utils.cpp
code/mos_all_test_ws/src/navigation2/nav2_util/test/test_validation_messages.cpp	/home/shuochen/learning/mos_all_test_ws/src/navigation2/nav2_util/test/test_validation_messages.cpp
code/mos_all_test_ws/src/navigation2/nav2_velocity_smoother/CMakeLists.txt	/home/shuochen/learning/mos_all_test_ws/src/navigation2/nav2_velocity_smoother/CMakeLists.txt
code/mos_all_test_ws/src/navigation2/nav2_velocity_smoother/README.md	/home/shuochen/learning/mos_all_test_ws/src/navigation2/nav2_velocity_smoother/README.md
code/mos_all_test_ws/src/navigation2/nav2_velocity_smoother/include/nav2_velocity_smoother/velocity_smoother.hpp	/home/shuochen/learning/mos_all_test_ws/src/navigation2/nav2_velocity_smoother/include/nav2_velocity_smoother/velocity_smoother.hpp
code/mos_all_test_ws/src/navigation2/nav2_velocity_smoother/package.xml	/home/shuochen/learning/mos_all_test_ws/src/navigation2/nav2_velocity_smoother/package.xml
code/mos_all_test_ws/src/navigation2/nav2_velocity_smoother/src/main.cpp	/home/shuochen/learning/mos_all_test_ws/src/navigation2/nav2_velocity_smoother/src/main.cpp
code/mos_all_test_ws/src/navigation2/nav2_velocity_smoother/src/velocity_smoother.cpp	/home/shuochen/learning/mos_all_test_ws/src/navigation2/nav2_velocity_smoother/src/velocity_smoother.cpp
code/mos_all_test_ws/src/navigation2/nav2_velocity_smoother/test/CMakeLists.txt	/home/shuochen/learning/mos_all_test_ws/src/navigation2/nav2_velocity_smoother/test/CMakeLists.txt
code/mos_all_test_ws/src/navigation2/nav2_velocity_smoother/test/test_velocity_smoother.cpp	/home/shuochen/learning/mos_all_test_ws/src/navigation2/nav2_velocity_smoother/test/test_velocity_smoother.cpp
code/mos_all_test_ws/src/navigation2/nav2_voxel_grid/CMakeLists.txt	/home/shuochen/learning/mos_all_test_ws/src/navigation2/nav2_voxel_grid/CMakeLists.txt
code/mos_all_test_ws/src/navigation2/nav2_voxel_grid/README.md	/home/shuochen/learning/mos_all_test_ws/src/navigation2/nav2_voxel_grid/README.md
code/mos_all_test_ws/src/navigation2/nav2_voxel_grid/include/nav2_voxel_grid/voxel_grid.hpp	/home/shuochen/learning/mos_all_test_ws/src/navigation2/nav2_voxel_grid/include/nav2_voxel_grid/voxel_grid.hpp
code/mos_all_test_ws/src/navigation2/nav2_voxel_grid/package.xml	/home/shuochen/learning/mos_all_test_ws/src/navigation2/nav2_voxel_grid/package.xml
code/mos_all_test_ws/src/navigation2/nav2_voxel_grid/src/voxel_grid.cpp	/home/shuochen/learning/mos_all_test_ws/src/navigation2/nav2_voxel_grid/src/voxel_grid.cpp
code/mos_all_test_ws/src/navigation2/nav2_voxel_grid/test/CMakeLists.txt	/home/shuochen/learning/mos_all_test_ws/src/navigation2/nav2_voxel_grid/test/CMakeLists.txt
code/mos_all_test_ws/src/navigation2/nav2_voxel_grid/test/voxel_grid_bresenham_3d.cpp	/home/shuochen/learning/mos_all_test_ws/src/navigation2/nav2_voxel_grid/test/voxel_grid_bresenham_3d.cpp
code/mos_all_test_ws/src/navigation2/nav2_voxel_grid/test/voxel_grid_tests.cpp	/home/shuochen/learning/mos_all_test_ws/src/navigation2/nav2_voxel_grid/test/voxel_grid_tests.cpp
code/mos_all_test_ws/src/navigation2/nav2_waypoint_follower/CMakeLists.txt	/home/shuochen/learning/mos_all_test_ws/src/navigation2/nav2_waypoint_follower/CMakeLists.txt
code/mos_all_test_ws/src/navigation2/nav2_waypoint_follower/README.md	/home/shuochen/learning/mos_all_test_ws/src/navigation2/nav2_waypoint_follower/README.md
code/mos_all_test_ws/src/navigation2/nav2_waypoint_follower/include/nav2_waypoint_follower/plugins/input_at_waypoint.hpp	/home/shuochen/learning/mos_all_test_ws/src/navigation2/nav2_waypoint_follower/include/nav2_waypoint_follower/plugins/input_at_waypoint.hpp
code/mos_all_test_ws/src/navigation2/nav2_waypoint_follower/include/nav2_waypoint_follower/plugins/photo_at_waypoint.hpp	/home/shuochen/learning/mos_all_test_ws/src/navigation2/nav2_waypoint_follower/include/nav2_waypoint_follower/plugins/photo_at_waypoint.hpp
code/mos_all_test_ws/src/navigation2/nav2_waypoint_follower/include/nav2_waypoint_follower/plugins/wait_at_waypoint.hpp	/home/shuochen/learning/mos_all_test_ws/src/navigation2/nav2_waypoint_follower/include/nav2_waypoint_follower/plugins/wait_at_waypoint.hpp
code/mos_all_test_ws/src/navigation2/nav2_waypoint_follower/include/nav2_waypoint_follower/waypoint_follower.hpp	/home/shuochen/learning/mos_all_test_ws/src/navigation2/nav2_waypoint_follower/include/nav2_waypoint_follower/waypoint_follower.hpp
code/mos_all_test_ws/src/navigation2/nav2_waypoint_follower/package.xml	/home/shuochen/learning/mos_all_test_ws/src/navigation2/nav2_waypoint_follower/package.xml
code/mos_all_test_ws/src/navigation2/nav2_waypoint_follower/plugins.xml	/home/shuochen/learning/mos_all_test_ws/src/navigation2/nav2_waypoint_follower/plugins.xml
code/mos_all_test_ws/src/navigation2/nav2_waypoint_follower/plugins/input_at_waypoint.cpp	/home/shuochen/learning/mos_all_test_ws/src/navigation2/nav2_waypoint_follower/plugins/input_at_waypoint.cpp
code/mos_all_test_ws/src/navigation2/nav2_waypoint_follower/plugins/photo_at_waypoint.cpp	/home/shuochen/learning/mos_all_test_ws/src/navigation2/nav2_waypoint_follower/plugins/photo_at_waypoint.cpp
code/mos_all_test_ws/src/navigation2/nav2_waypoint_follower/plugins/wait_at_waypoint.cpp	/home/shuochen/learning/mos_all_test_ws/src/navigation2/nav2_waypoint_follower/plugins/wait_at_waypoint.cpp
code/mos_all_test_ws/src/navigation2/nav2_waypoint_follower/src/main.cpp	/home/shuochen/learning/mos_all_test_ws/src/navigation2/nav2_waypoint_follower/src/main.cpp
code/mos_all_test_ws/src/navigation2/nav2_waypoint_follower/src/waypoint_follower.cpp	/home/shuochen/learning/mos_all_test_ws/src/navigation2/nav2_waypoint_follower/src/waypoint_follower.cpp
code/mos_all_test_ws/src/navigation2/nav2_waypoint_follower/test/CMakeLists.txt	/home/shuochen/learning/mos_all_test_ws/src/navigation2/nav2_waypoint_follower/test/CMakeLists.txt
code/mos_all_test_ws/src/navigation2/nav2_waypoint_follower/test/test_dynamic_parameters.cpp	/home/shuochen/learning/mos_all_test_ws/src/navigation2/nav2_waypoint_follower/test/test_dynamic_parameters.cpp
code/mos_all_test_ws/src/navigation2/nav2_waypoint_follower/test/test_task_executors.cpp	/home/shuochen/learning/mos_all_test_ws/src/navigation2/nav2_waypoint_follower/test/test_task_executors.cpp
code/mos_all_test_ws/src/navigation2/navigation2/CHANGELOG.rst	/home/shuochen/learning/mos_all_test_ws/src/navigation2/navigation2/CHANGELOG.rst
code/mos_all_test_ws/src/navigation2/navigation2/CMakeLists.txt	/home/shuochen/learning/mos_all_test_ws/src/navigation2/navigation2/CMakeLists.txt
code/mos_all_test_ws/src/navigation2/navigation2/package.xml	/home/shuochen/learning/mos_all_test_ws/src/navigation2/navigation2/package.xml
code/mos_all_test_ws/src/navigation2/tools/bt2img.py	/home/shuochen/learning/mos_all_test_ws/src/navigation2/tools/bt2img.py
code/mos_all_test_ws/src/navigation2/tools/code_coverage_report.bash	/home/shuochen/learning/mos_all_test_ws/src/navigation2/tools/code_coverage_report.bash
code/mos_all_test_ws/src/navigation2/tools/ctest_retry.bash	/home/shuochen/learning/mos_all_test_ws/src/navigation2/tools/ctest_retry.bash
code/mos_all_test_ws/src/navigation2/tools/distro.Dockerfile	/home/shuochen/learning/mos_all_test_ws/src/navigation2/tools/distro.Dockerfile
code/mos_all_test_ws/src/navigation2/tools/planner_benchmarking/100by100_10.pgm	/home/shuochen/learning/mos_all_test_ws/src/navigation2/tools/planner_benchmarking/100by100_10.pgm
code/mos_all_test_ws/src/navigation2/tools/planner_benchmarking/100by100_10.yaml	/home/shuochen/learning/mos_all_test_ws/src/navigation2/tools/planner_benchmarking/100by100_10.yaml
code/mos_all_test_ws/src/navigation2/tools/planner_benchmarking/100by100_15.pgm	/home/shuochen/learning/mos_all_test_ws/src/navigation2/tools/planner_benchmarking/100by100_15.pgm
code/mos_all_test_ws/src/navigation2/tools/planner_benchmarking/100by100_15.yaml	/home/shuochen/learning/mos_all_test_ws/src/navigation2/tools/planner_benchmarking/100by100_15.yaml
code/mos_all_test_ws/src/navigation2/tools/planner_benchmarking/100by100_20.pgm	/home/shuochen/learning/mos_all_test_ws/src/navigation2/tools/planner_benchmarking/100by100_20.pgm
code/mos_all_test_ws/src/navigation2/tools/planner_benchmarking/100by100_20.yaml	/home/shuochen/learning/mos_all_test_ws/src/navigation2/tools/planner_benchmarking/100by100_20.yaml
code/mos_all_test_ws/src/navigation2/tools/planner_benchmarking/README.md	/home/shuochen/learning/mos_all_test_ws/src/navigation2/tools/planner_benchmarking/README.md
code/mos_all_test_ws/src/navigation2/tools/planner_benchmarking/metrics.py	/home/shuochen/learning/mos_all_test_ws/src/navigation2/tools/planner_benchmarking/metrics.py
code/mos_all_test_ws/src/navigation2/tools/planner_benchmarking/planning_benchmark_bringup.py	/home/shuochen/learning/mos_all_test_ws/src/navigation2/tools/planner_benchmarking/planning_benchmark_bringup.py
code/mos_all_test_ws/src/navigation2/tools/planner_benchmarking/process_data.py	/home/shuochen/learning/mos_all_test_ws/src/navigation2/tools/planner_benchmarking/process_data.py
code/mos_all_test_ws/src/navigation2/tools/run_sanitizers	/home/shuochen/learning/mos_all_test_ws/src/navigation2/tools/run_sanitizers
code/mos_all_test_ws/src/navigation2/tools/run_test_suite.bash	/home/shuochen/learning/mos_all_test_ws/src/navigation2/tools/run_test_suite.bash
code/mos_all_test_ws/src/navigation2/tools/skip_keys.txt	/home/shuochen/learning/mos_all_test_ws/src/navigation2/tools/skip_keys.txt
code/mos_all_test_ws/src/navigation2/tools/smoother_benchmarking/README.md	/home/shuochen/learning/mos_all_test_ws/src/navigation2/tools/smoother_benchmarking/README.md
code/mos_all_test_ws/src/navigation2/tools/smoother_benchmarking/maps/smoothers_world.pgm	/home/shuochen/learning/mos_all_test_ws/src/navigation2/tools/smoother_benchmarking/maps/smoothers_world.pgm
code/mos_all_test_ws/src/navigation2/tools/smoother_benchmarking/maps/smoothers_world.yaml	/home/shuochen/learning/mos_all_test_ws/src/navigation2/tools/smoother_benchmarking/maps/smoothers_world.yaml
code/mos_all_test_ws/src/navigation2/tools/smoother_benchmarking/metrics.py	/home/shuochen/learning/mos_all_test_ws/src/navigation2/tools/smoother_benchmarking/metrics.py
code/mos_all_test_ws/src/navigation2/tools/smoother_benchmarking/process_data.py	/home/shuochen/learning/mos_all_test_ws/src/navigation2/tools/smoother_benchmarking/process_data.py
code/mos_all_test_ws/src/navigation2/tools/smoother_benchmarking/smoother_benchmark_bringup.py	/home/shuochen/learning/mos_all_test_ws/src/navigation2/tools/smoother_benchmarking/smoother_benchmark_bringup.py
code/mos_all_test_ws/src/navigation2/tools/source.Dockerfile	/home/shuochen/learning/mos_all_test_ws/src/navigation2/tools/source.Dockerfile
code/mos_all_test_ws/src/navigation2/tools/underlay.repos	/home/shuochen/learning/mos_all_test_ws/src/navigation2/tools/underlay.repos
code/mos_all_test_ws/src/navigation2/tools/update_bt_diagrams.bash	/home/shuochen/learning/mos_all_test_ws/src/navigation2/tools/update_bt_diagrams.bash
code/mos_all_test_ws/unsetup_nav2.sh	/home/shuochen/learning/mos_all_test_ws/unsetup_nav2.sh
code/mos_fleet_monitor/DEPLOYMENT_AND_MULTI_ROBOT.md	/home/shuochen/learning/mos_fleet_monitor/DEPLOYMENT_AND_MULTI_ROBOT.md
code/mos_fleet_monitor/MIGRATION_MANIFEST.md	/home/shuochen/learning/mos_fleet_monitor/MIGRATION_MANIFEST.md
code/mos_fleet_monitor/README.md	/home/shuochen/learning/mos_fleet_monitor/README.md
code/mos_fleet_monitor/SHA256SUMS	/home/shuochen/learning/mos_fleet_monitor/SHA256SUMS
code/mos_fleet_monitor/VERSION	/home/shuochen/learning/mos_fleet_monitor/VERSION
code/mos_fleet_monitor/build-package.sh	/home/shuochen/learning/mos_fleet_monitor/build-package.sh
code/mos_fleet_monitor/client/fleet.env	/home/shuochen/learning/mos_fleet_monitor/client/fleet.env
code/mos_fleet_monitor/client/list-foxglove-links.sh	/home/shuochen/learning/mos_fleet_monitor/client/list-foxglove-links.sh
code/mos_fleet_monitor/client/robots.conf	/home/shuochen/learning/mos_fleet_monitor/client/robots.conf
code/mos_fleet_monitor/client/start-fleet-monitor.sh	/home/shuochen/learning/mos_fleet_monitor/client/start-fleet-monitor.sh
code/mos_fleet_monitor/client/start-robot-monitor.sh	/home/shuochen/learning/mos_fleet_monitor/client/start-robot-monitor.sh
code/mos_fleet_monitor/client/start-robot-teleop.sh	/home/shuochen/learning/mos_fleet_monitor/client/start-robot-teleop.sh
code/mos_fleet_monitor/client/stop-fleet-monitor.sh	/home/shuochen/learning/mos_fleet_monitor/client/stop-fleet-monitor.sh
code/mos_fleet_monitor/client/stop-robot-monitor.sh	/home/shuochen/learning/mos_fleet_monitor/client/stop-robot-monitor.sh
code/mos_fleet_monitor/container/assets/foxglove_image_relay.py	/home/shuochen/learning/mos_fleet_monitor/container/assets/foxglove_image_relay.py
code/mos_fleet_monitor/container/assets/foxglove_teleop_guard.py	/home/shuochen/learning/mos_fleet_monitor/container/assets/foxglove_teleop_guard.py
code/mos_fleet_monitor/container/assets/mos_status_logger.py	/home/shuochen/learning/mos_fleet_monitor/container/assets/mos_status_logger.py
code/mos_fleet_monitor/container/bin/_common.sh	/home/shuochen/learning/mos_fleet_monitor/container/bin/_common.sh
code/mos_fleet_monitor/container/bin/_run_component.zsh	/home/shuochen/learning/mos_fleet_monitor/container/bin/_run_component.zsh
code/mos_fleet_monitor/container/bin/_supervise_component.sh	/home/shuochen/learning/mos_fleet_monitor/container/bin/_supervise_component.sh
code/mos_fleet_monitor/container/bin/mos-monitor-start	/home/shuochen/learning/mos_fleet_monitor/container/bin/mos-monitor-start
code/mos_fleet_monitor/container/bin/mos-monitor-status	/home/shuochen/learning/mos_fleet_monitor/container/bin/mos-monitor-status
code/mos_fleet_monitor/container/bin/mos-monitor-stop	/home/shuochen/learning/mos_fleet_monitor/container/bin/mos-monitor-stop
code/mos_fleet_monitor/container/config/monitor.env	/home/shuochen/learning/mos_fleet_monitor/container/config/monitor.env
code/mos_fleet_monitor/docs/2026-08-03/01-同设备通用性封装脚本.md	/home/shuochen/learning/mos_fleet_monitor/docs/2026-08-03/01-同设备通用性封装脚本.md
code/mos_fleet_monitor/docs/2026-08-03/02-自定义面板布局.md	/home/shuochen/learning/mos_fleet_monitor/docs/2026-08-03/02-自定义面板布局.md
code/mos_fleet_monitor/docs/2026-08-03/03-多设备监控.md	/home/shuochen/learning/mos_fleet_monitor/docs/2026-08-03/03-多设备监控.md
code/mos_fleet_monitor/docs/2026-08-03/04-使用期间的资源监控.md	/home/shuochen/learning/mos_fleet_monitor/docs/2026-08-03/04-使用期间的资源监控.md
code/mos_fleet_monitor/docs/2026-08-03/05-电池电量估计.md	/home/shuochen/learning/mos_fleet_monitor/docs/2026-08-03/05-电池电量估计.md
code/mos_fleet_monitor/docs/2026-08-03/06-摄像头延迟问题解决.md	/home/shuochen/learning/mos_fleet_monitor/docs/2026-08-03/06-摄像头延迟问题解决.md
code/mos_fleet_monitor/docs/2026-08-03/07-Nav-Launch进程冲突锁.md	/home/shuochen/learning/mos_fleet_monitor/docs/2026-08-03/07-Nav-Launch进程冲突锁.md
code/mos_fleet_monitor/docs/2026-08-24/01-Foxglove安全远程操纵.md	/home/shuochen/learning/mos_fleet_monitor/docs/2026-08-24/01-Foxglove安全远程操纵.md
code/mos_fleet_monitor/host/bin/mos-monitor-start	/home/shuochen/learning/mos_fleet_monitor/host/bin/mos-monitor-start
code/mos_fleet_monitor/host/bin/mos-monitor-status	/home/shuochen/learning/mos_fleet_monitor/host/bin/mos-monitor-status
code/mos_fleet_monitor/host/bin/mos-monitor-stop	/home/shuochen/learning/mos_fleet_monitor/host/bin/mos-monitor-stop
code/mos_fleet_monitor/host/bin/mos-teleop-start	/home/shuochen/learning/mos_fleet_monitor/host/bin/mos-teleop-start
code/mos_fleet_monitor/install_on_robot.sh	/home/shuochen/learning/mos_fleet_monitor/install_on_robot.sh
code/mos_fleet_monitor/layouts/README.md	/home/shuochen/learning/mos_fleet_monitor/layouts/README.md
code/mos_fleet_monitor/ops_extension/mos_ops_control/README.md	/home/shuochen/learning/mos_fleet_monitor/ops_extension/mos_ops_control/README.md
code/mos_fleet_monitor/ops_extension/mos_ops_control/mos_ops_control/__init__.py	/home/shuochen/learning/mos_fleet_monitor/ops_extension/mos_ops_control/mos_ops_control/__init__.py
code/mos_fleet_monitor/ops_extension/mos_ops_control/mos_ops_control/ops_control.py	/home/shuochen/learning/mos_fleet_monitor/ops_extension/mos_ops_control/mos_ops_control/ops_control.py
code/mos_fleet_monitor/ops_extension/mos_ops_control/package.xml	/home/shuochen/learning/mos_fleet_monitor/ops_extension/mos_ops_control/package.xml
code/mos_fleet_monitor/ops_extension/mos_ops_control/resource/mos_ops_control	/home/shuochen/learning/mos_fleet_monitor/ops_extension/mos_ops_control/resource/mos_ops_control
code/mos_fleet_monitor/ops_extension/mos_ops_control/setup.cfg	/home/shuochen/learning/mos_fleet_monitor/ops_extension/mos_ops_control/setup.cfg
code/mos_fleet_monitor/ops_extension/mos_ops_control/setup.py	/home/shuochen/learning/mos_fleet_monitor/ops_extension/mos_ops_control/setup.py
code/mos_fleet_monitor/optional_nav_guard/install-nav-guard.sh	/home/shuochen/learning/mos_fleet_monitor/optional_nav_guard/install-nav-guard.sh
code/mos_fleet_monitor/optional_nav_guard/mos_nav_status.sh	/home/shuochen/learning/mos_fleet_monitor/optional_nav_guard/mos_nav_status.sh
code/mos_fleet_monitor/optional_nav_guard/mos_nav_stop.sh	/home/shuochen/learning/mos_fleet_monitor/optional_nav_guard/mos_nav_stop.sh
code/mos_fleet_monitor/optional_nav_guard/nav2_fastlio_bringup.launch.py	/home/shuochen/learning/mos_fleet_monitor/optional_nav_guard/nav2_fastlio_bringup.launch.py
code/mos_fleet_monitor/optional_nav_guard/setup_nav2_fastlio.sh	/home/shuochen/learning/mos_fleet_monitor/optional_nav_guard/setup_nav2_fastlio.sh
code/mos_fleet_monitor/optional_vision_guard/install-vision-guard.sh	/home/shuochen/learning/mos_fleet_monitor/optional_vision_guard/install-vision-guard.sh
code/mos_fleet_monitor/optional_vision_guard/mos_vision_status.sh	/home/shuochen/learning/mos_fleet_monitor/optional_vision_guard/mos_vision_status.sh
code/mos_fleet_monitor/optional_vision_guard/mos_vision_stop.sh	/home/shuochen/learning/mos_fleet_monitor/optional_vision_guard/mos_vision_stop.sh
code/mos_fleet_monitor/optional_vision_guard/vision.launch.py	/home/shuochen/learning/mos_fleet_monitor/optional_vision_guard/vision.launch.py
reference/_mos_vision_guard/mos-vision.service	/home/shuochen/learning/_mos_vision_guard/mos-vision.service
reference/_mos_vision_guard/mos_vision_status.sh	/home/shuochen/learning/_mos_vision_guard/mos_vision_status.sh
reference/_mos_vision_guard/mos_vision_stop.sh	/home/shuochen/learning/_mos_vision_guard/mos_vision_stop.sh
reference/_mos_vision_guard/vision.launch.py	/home/shuochen/learning/_mos_vision_guard/vision.launch.py
reference/lumos87_monitor_migration_20260812/robot_runtime/README.md	/home/shuochen/learning/lumos87_monitor_migration_20260812/robot_runtime/README.md
reference/lumos87_monitor_migration_20260812/robot_runtime/SHA256SUMS	/home/shuochen/learning/lumos87_monitor_migration_20260812/robot_runtime/SHA256SUMS
reference/lumos87_monitor_migration_20260812/robot_runtime/VERSION	/home/shuochen/learning/lumos87_monitor_migration_20260812/robot_runtime/VERSION
reference/lumos87_monitor_migration_20260812/robot_runtime/container/assets/foxglove_image_relay.py	/home/shuochen/learning/lumos87_monitor_migration_20260812/robot_runtime/container/assets/foxglove_image_relay.py
reference/lumos87_monitor_migration_20260812/robot_runtime/container/assets/mos_status_logger.py	/home/shuochen/learning/lumos87_monitor_migration_20260812/robot_runtime/container/assets/mos_status_logger.py
reference/lumos87_monitor_migration_20260812/robot_runtime/container/bin/_common.sh	/home/shuochen/learning/lumos87_monitor_migration_20260812/robot_runtime/container/bin/_common.sh
reference/lumos87_monitor_migration_20260812/robot_runtime/container/bin/_run_component.zsh	/home/shuochen/learning/lumos87_monitor_migration_20260812/robot_runtime/container/bin/_run_component.zsh
reference/lumos87_monitor_migration_20260812/robot_runtime/container/bin/_supervise_component.sh	/home/shuochen/learning/lumos87_monitor_migration_20260812/robot_runtime/container/bin/_supervise_component.sh
reference/lumos87_monitor_migration_20260812/robot_runtime/container/bin/mos-monitor-start	/home/shuochen/learning/lumos87_monitor_migration_20260812/robot_runtime/container/bin/mos-monitor-start
reference/lumos87_monitor_migration_20260812/robot_runtime/container/bin/mos-monitor-status	/home/shuochen/learning/lumos87_monitor_migration_20260812/robot_runtime/container/bin/mos-monitor-status
reference/lumos87_monitor_migration_20260812/robot_runtime/container/bin/mos-monitor-stop	/home/shuochen/learning/lumos87_monitor_migration_20260812/robot_runtime/container/bin/mos-monitor-stop
reference/lumos87_monitor_migration_20260812/robot_runtime/container/config/monitor.env	/home/shuochen/learning/lumos87_monitor_migration_20260812/robot_runtime/container/config/monitor.env
reference/lumos87_monitor_migration_20260812/robot_runtime/host/bin/mos-monitor-start	/home/shuochen/learning/lumos87_monitor_migration_20260812/robot_runtime/host/bin/mos-monitor-start
reference/lumos87_monitor_migration_20260812/robot_runtime/host/bin/mos-monitor-status	/home/shuochen/learning/lumos87_monitor_migration_20260812/robot_runtime/host/bin/mos-monitor-status
reference/lumos87_monitor_migration_20260812/robot_runtime/host/bin/mos-monitor-stop	/home/shuochen/learning/lumos87_monitor_migration_20260812/robot_runtime/host/bin/mos-monitor-stop
reference/lumos87_monitor_migration_20260812/robot_runtime/install_on_robot.sh	/home/shuochen/learning/lumos87_monitor_migration_20260812/robot_runtime/install_on_robot.sh
reference/lumos87_monitor_migration_20260812/robot_runtime/layouts/README.md	/home/shuochen/learning/lumos87_monitor_migration_20260812/robot_runtime/layouts/README.md
reference/lumos87_monitor_migration_20260812/robot_runtime/optional_nav_guard/install-nav-guard.sh	/home/shuochen/learning/lumos87_monitor_migration_20260812/robot_runtime/optional_nav_guard/install-nav-guard.sh
reference/lumos87_monitor_migration_20260812/robot_runtime/optional_nav_guard/mos_nav_status.sh	/home/shuochen/learning/lumos87_monitor_migration_20260812/robot_runtime/optional_nav_guard/mos_nav_status.sh
reference/lumos87_monitor_migration_20260812/robot_runtime/optional_nav_guard/mos_nav_stop.sh	/home/shuochen/learning/lumos87_monitor_migration_20260812/robot_runtime/optional_nav_guard/mos_nav_stop.sh
reference/lumos87_monitor_migration_20260812/robot_runtime/optional_nav_guard/nav2_fastlio_bringup.launch.py	/home/shuochen/learning/lumos87_monitor_migration_20260812/robot_runtime/optional_nav_guard/nav2_fastlio_bringup.launch.py
reference/lumos87_monitor_migration_20260812/robot_runtime/optional_nav_guard/setup_nav2_fastlio.sh	/home/shuochen/learning/lumos87_monitor_migration_20260812/robot_runtime/optional_nav_guard/setup_nav2_fastlio.sh
reference/lumos87_monitor_migration_20260812/robot_runtime/optional_vision_guard/install-vision-guard.sh	/home/shuochen/learning/lumos87_monitor_migration_20260812/robot_runtime/optional_vision_guard/install-vision-guard.sh
reference/lumos87_monitor_migration_20260812/robot_runtime/optional_vision_guard/mos_vision_status.sh	/home/shuochen/learning/lumos87_monitor_migration_20260812/robot_runtime/optional_vision_guard/mos_vision_status.sh
reference/lumos87_monitor_migration_20260812/robot_runtime/optional_vision_guard/mos_vision_stop.sh	/home/shuochen/learning/lumos87_monitor_migration_20260812/robot_runtime/optional_vision_guard/mos_vision_stop.sh
reference/lumos87_monitor_migration_20260812/robot_runtime/optional_vision_guard/vision.launch.py	/home/shuochen/learning/lumos87_monitor_migration_20260812/robot_runtime/optional_vision_guard/vision.launch.py
reference/lumos87_monitor_migration_20260812/ros_snapshot/setup_nav2_fastlio.sh	/home/shuochen/learning/lumos87_monitor_migration_20260812/ros_snapshot/setup_nav2_fastlio.sh
reference/lumos87_monitor_migration_20260812/ros_snapshot/src/lumos_nav/launch/nav2_fastlio_bringup.launch.py	/home/shuochen/learning/lumos87_monitor_migration_20260812/ros_snapshot/src/lumos_nav/launch/nav2_fastlio_bringup.launch.py
reference/lumos87_monitor_migration_20260812/ros_snapshot/src/mos_3d_object/config/yolo_params.yaml	/home/shuochen/learning/lumos87_monitor_migration_20260812/ros_snapshot/src/mos_3d_object/config/yolo_params.yaml
reference/lumos87_monitor_migration_20260812/ros_snapshot/src/mos_3d_object/launch/vision.launch.py	/home/shuochen/learning/lumos87_monitor_migration_20260812/ros_snapshot/src/mos_3d_object/launch/vision.launch.py
reference/lumos87_monitor_migration_20260812/ros_snapshot/src/mos_3d_object/launch/vision_impl.launch.py	/home/shuochen/learning/lumos87_monitor_migration_20260812/ros_snapshot/src/mos_3d_object/launch/vision_impl.launch.py
reference/lumos87_monitor_migration_20260812/ros_snapshot/src/mos_3d_object/mos_3d_object/vision_node.py	/home/shuochen/learning/lumos87_monitor_migration_20260812/ros_snapshot/src/mos_3d_object/mos_3d_object/vision_node.py
reference/lumos87_monitor_migration_20260812/ros_snapshot/unsetup_nav2.sh	/home/shuochen/learning/lumos87_monitor_migration_20260812/ros_snapshot/unsetup_nav2.sh
reference/lumos87_monitor_migration_20260812/wsl_client/fleet.env	/home/shuochen/learning/lumos87_monitor_migration_20260812/wsl_client/fleet.env
reference/lumos87_monitor_migration_20260812/wsl_client/list-foxglove-links.sh	/home/shuochen/learning/lumos87_monitor_migration_20260812/wsl_client/list-foxglove-links.sh
reference/lumos87_monitor_migration_20260812/wsl_client/robots.conf	/home/shuochen/learning/lumos87_monitor_migration_20260812/wsl_client/robots.conf
reference/lumos87_monitor_migration_20260812/wsl_client/start-fleet-monitor.sh	/home/shuochen/learning/lumos87_monitor_migration_20260812/wsl_client/start-fleet-monitor.sh
reference/lumos87_monitor_migration_20260812/wsl_client/start-robot-monitor.sh	/home/shuochen/learning/lumos87_monitor_migration_20260812/wsl_client/start-robot-monitor.sh
reference/lumos87_monitor_migration_20260812/wsl_client/stop-fleet-monitor.sh	/home/shuochen/learning/lumos87_monitor_migration_20260812/wsl_client/stop-fleet-monitor.sh
reference/lumos87_monitor_migration_20260812/wsl_client/stop-robot-monitor.sh	/home/shuochen/learning/lumos87_monitor_migration_20260812/wsl_client/stop-robot-monitor.sh
reference/mos_fleet_monitor/backups/20260828-103656-camera-health/SHA256SUMS.before	/home/shuochen/learning/mos_fleet_monitor/backups/20260828-103656-camera-health/SHA256SUMS.before
reference/mos_fleet_monitor/backups/20260828-103656-camera-health/STATIC_DEPLOYMENT.txt	/home/shuochen/learning/mos_fleet_monitor/backups/20260828-103656-camera-health/STATIC_DEPLOYMENT.txt
reference/mos_fleet_monitor/backups/20260828-103656-camera-health/local-before.tar.gz	/home/shuochen/learning/mos_fleet_monitor/backups/20260828-103656-camera-health/local-before.tar.gz
reference/mos_fleet_monitor/dist/mos_fleet_monitor-1.2.0.tar.gz	/home/shuochen/learning/mos_fleet_monitor/dist/mos_fleet_monitor-1.2.0.tar.gz
reference/mos_fleet_monitor/dist/mos_fleet_monitor-1.3.0.tar.gz	/home/shuochen/learning/mos_fleet_monitor/dist/mos_fleet_monitor-1.3.0.tar.gz
reference/mos_fleet_monitor/dist/mos_fleet_monitor-1.4.0.tar.gz	/home/shuochen/learning/mos_fleet_monitor/dist/mos_fleet_monitor-1.4.0.tar.gz
reference/mos_fleet_monitor/dist/mos_fleet_monitor-1.5.0.tar.gz	/home/shuochen/learning/mos_fleet_monitor/dist/mos_fleet_monitor-1.5.0.tar.gz
reference/mos_fleet_monitor/dist/mos_fleet_monitor-1.5.1.tar.gz	/home/shuochen/learning/mos_fleet_monitor/dist/mos_fleet_monitor-1.5.1.tar.gz
reference/mos_fleet_monitor/dist/mos_fleet_monitor-1.6.0.tar.gz	/home/shuochen/learning/mos_fleet_monitor/dist/mos_fleet_monitor-1.6.0.tar.gz
reference/mos_fleet_monitor/dist/mos_fleet_monitor-1.7.0.tar.gz	/home/shuochen/learning/mos_fleet_monitor/dist/mos_fleet_monitor-1.7.0.tar.gz
reference/mos_fleet_monitor/dist/mos_fleet_monitor-1.8.0.tar.gz	/home/shuochen/learning/mos_fleet_monitor/dist/mos_fleet_monitor-1.8.0.tar.gz
reference/mos_ops/.gitignore	/home/shuochen/learning/mos_ops/.gitignore
reference/mos_ops/01_robot_runtime/host_entry/bin/mos-monitor-start	/home/shuochen/learning/mos_ops/01_robot_runtime/host_entry/bin/mos-monitor-start
reference/mos_ops/01_robot_runtime/host_entry/bin/mos-monitor-status	/home/shuochen/learning/mos_ops/01_robot_runtime/host_entry/bin/mos-monitor-status
reference/mos_ops/01_robot_runtime/host_entry/bin/mos-monitor-stop	/home/shuochen/learning/mos_ops/01_robot_runtime/host_entry/bin/mos-monitor-stop
reference/mos_ops/01_robot_runtime/mos_fleet_monitor/assets/foxglove_image_relay.py	/home/shuochen/learning/mos_ops/01_robot_runtime/mos_fleet_monitor/assets/foxglove_image_relay.py
reference/mos_ops/01_robot_runtime/mos_fleet_monitor/assets/mos_status_logger.py	/home/shuochen/learning/mos_ops/01_robot_runtime/mos_fleet_monitor/assets/mos_status_logger.py
reference/mos_ops/01_robot_runtime/mos_fleet_monitor/bin/_common.sh	/home/shuochen/learning/mos_ops/01_robot_runtime/mos_fleet_monitor/bin/_common.sh
reference/mos_ops/01_robot_runtime/mos_fleet_monitor/bin/_run_component.zsh	/home/shuochen/learning/mos_ops/01_robot_runtime/mos_fleet_monitor/bin/_run_component.zsh
reference/mos_ops/01_robot_runtime/mos_fleet_monitor/bin/_supervise_component.sh	/home/shuochen/learning/mos_ops/01_robot_runtime/mos_fleet_monitor/bin/_supervise_component.sh
reference/mos_ops/01_robot_runtime/mos_fleet_monitor/bin/mos-monitor-start	/home/shuochen/learning/mos_ops/01_robot_runtime/mos_fleet_monitor/bin/mos-monitor-start
reference/mos_ops/01_robot_runtime/mos_fleet_monitor/bin/mos-monitor-status	/home/shuochen/learning/mos_ops/01_robot_runtime/mos_fleet_monitor/bin/mos-monitor-status
reference/mos_ops/01_robot_runtime/mos_fleet_monitor/bin/mos-monitor-stop	/home/shuochen/learning/mos_ops/01_robot_runtime/mos_fleet_monitor/bin/mos-monitor-stop
reference/mos_ops/01_robot_runtime/mos_fleet_monitor/config/monitor.env	/home/shuochen/learning/mos_ops/01_robot_runtime/mos_fleet_monitor/config/monitor.env
reference/mos_ops/02_wsl_tools/client/fleet.env	/home/shuochen/learning/mos_ops/02_wsl_tools/client/fleet.env
reference/mos_ops/02_wsl_tools/client/list-foxglove-links.sh	/home/shuochen/learning/mos_ops/02_wsl_tools/client/list-foxglove-links.sh
reference/mos_ops/02_wsl_tools/client/robots.conf	/home/shuochen/learning/mos_ops/02_wsl_tools/client/robots.conf
reference/mos_ops/02_wsl_tools/client/start-fleet-monitor.sh	/home/shuochen/learning/mos_ops/02_wsl_tools/client/start-fleet-monitor.sh
reference/mos_ops/02_wsl_tools/client/start-robot-monitor.sh	/home/shuochen/learning/mos_ops/02_wsl_tools/client/start-robot-monitor.sh
reference/mos_ops/02_wsl_tools/client/stop-fleet-monitor.sh	/home/shuochen/learning/mos_ops/02_wsl_tools/client/stop-fleet-monitor.sh
reference/mos_ops/02_wsl_tools/client/stop-robot-monitor.sh	/home/shuochen/learning/mos_ops/02_wsl_tools/client/stop-robot-monitor.sh
reference/mos_ops/03_mos_all_test_overrides/src/mos_3d_object/config/yolo_params.yaml	/home/shuochen/learning/mos_ops/03_mos_all_test_overrides/src/mos_3d_object/config/yolo_params.yaml
reference/mos_ops/03_mos_all_test_overrides/src/mos_3d_object/launch/vision.launch.py	/home/shuochen/learning/mos_ops/03_mos_all_test_overrides/src/mos_3d_object/launch/vision.launch.py
reference/mos_ops/03_mos_all_test_overrides/src/mos_3d_object/launch/vision_impl.launch.py	/home/shuochen/learning/mos_ops/03_mos_all_test_overrides/src/mos_3d_object/launch/vision_impl.launch.py
reference/mos_ops/03_mos_all_test_overrides/src/mos_3d_object/mos_3d_object/vision_node.py	/home/shuochen/learning/mos_ops/03_mos_all_test_overrides/src/mos_3d_object/mos_3d_object/vision_node.py
reference/mos_ops/ACTIVE_FILES.sha256	/home/shuochen/learning/mos_ops/ACTIVE_FILES.sha256
reference/mos_ops/FILE_INDEX.txt	/home/shuochen/learning/mos_ops/FILE_INDEX.txt
reference/mos_ops/README.md	/home/shuochen/learning/mos_ops/README.md
reference/mos_ops_guard/.gitignore	/home/shuochen/learning/mos_ops_guard/.gitignore
reference/mos_ops_guard/README.md	/home/shuochen/learning/mos_ops_guard/README.md
reference/mos_ops_guard/bin/mos-maintain	/home/shuochen/learning/mos_ops_guard/bin/mos-maintain
reference/mos_ops_guard/bin/mos-ops-status	/home/shuochen/learning/mos_ops_guard/bin/mos-ops-status
reference/mos_ops_guard/bin/mos-protect	/home/shuochen/learning/mos_ops_guard/bin/mos-protect
reference/mos_ops_guard/bin/mos-recover	/home/shuochen/learning/mos_ops_guard/bin/mos-recover
reference/mos_ops_guard/bin/mos-status-mux	/home/shuochen/learning/mos_ops_guard/bin/mos-status-mux
reference/mos_ops_guard/bin/mos-watchdog	/home/shuochen/learning/mos_ops_guard/bin/mos-watchdog
reference/mos_ops_guard/config/maintenance.yaml	/home/shuochen/learning/mos_ops_guard/config/maintenance.yaml
reference/mos_ops_guard/config/protection.yaml	/home/shuochen/learning/mos_ops_guard/config/protection.yaml
reference/mos_ops_guard/config/watchdog.yaml	/home/shuochen/learning/mos_ops_guard/config/watchdog.yaml
reference/mos_ops_guard/mos_ops_guard/__init__.py	/home/shuochen/learning/mos_ops_guard/mos_ops_guard/__init__.py
reference/mos_ops_guard/mos_ops_guard/alarm.py	/home/shuochen/learning/mos_ops_guard/mos_ops_guard/alarm.py
reference/mos_ops_guard/mos_ops_guard/config.py	/home/shuochen/learning/mos_ops_guard/mos_ops_guard/config.py
reference/mos_ops_guard/mos_ops_guard/maintenance.py	/home/shuochen/learning/mos_ops_guard/mos_ops_guard/maintenance.py
reference/mos_ops_guard/mos_ops_guard/protection.py	/home/shuochen/learning/mos_ops_guard/mos_ops_guard/protection.py
reference/mos_ops_guard/mos_ops_guard/ros_reader.py	/home/shuochen/learning/mos_ops_guard/mos_ops_guard/ros_reader.py
reference/mos_ops_guard/mos_ops_guard/status_mux.py	/home/shuochen/learning/mos_ops_guard/mos_ops_guard/status_mux.py
reference/mos_ops_guard/mos_ops_guard/storage.py	/home/shuochen/learning/mos_ops_guard/mos_ops_guard/storage.py
reference/mos_ops_guard/mos_ops_guard/system_reader.py	/home/shuochen/learning/mos_ops_guard/mos_ops_guard/system_reader.py
reference/mos_ops_guard/mos_ops_guard/watchdog.py	/home/shuochen/learning/mos_ops_guard/mos_ops_guard/watchdog.py
reference/mos_ops_guard/systemd/mos-ops-status-mux.service	/home/shuochen/learning/mos_ops_guard/systemd/mos-ops-status-mux.service
reference/mos_ops_guard/systemd/mos-ops-watchdog.service	/home/shuochen/learning/mos_ops_guard/systemd/mos-ops-watchdog.service
reference/mos_ops_guard/systemd/mos-status-logger.service.example	/home/shuochen/learning/mos_ops_guard/systemd/mos-status-logger.service.example
reference/mos_ops_guard/tests/test_alarm.py	/home/shuochen/learning/mos_ops_guard/tests/test_alarm.py
reference/mos_ops_guard/tests/test_protection.py	/home/shuochen/learning/mos_ops_guard/tests/test_protection.py
reference/mos_ops_guard/tests/test_ros_reader.py	/home/shuochen/learning/mos_ops_guard/tests/test_ros_reader.py
reference/mos_ops_guard/tests/test_storage.py	/home/shuochen/learning/mos_ops_guard/tests/test_storage.py
reference/mos_ops_guard/tests/test_system_reader.py	/home/shuochen/learning/mos_ops_guard/tests/test_system_reader.py
